Heart_Rate_Variability,Body_Temperature,Movement_During_Sleep,Sleep_Duration_Hours,Sleep_Quality_Score,Caffeine_Intake_mg,Stress_Level,Bedtime_Consistency,Light_Exposure_hours
79.93428306,37.19967772,1.324821725,4.638288663,1,107.6240318,2.771837284,0.657037016,7.933949473
67.23471398,36.96231684,1.855481329,6.209422484,1,104.6585892,3.738138333,0.144463808,6.992699479
82.95377076,36.52981518,1.207580079,6.8795917,10,0,3.115879633,0.64294913,7.655250085
100.4605971,36.17653161,1.69203847,10.33153149,1,116.9909808,3.904008363,0.453255188,9.429463455
65.31693251,36.84911166,0.106385333,8.334829687,1,223.2829082,4.571699379,0.641491542,10.55571331
65.31726086,36.69674269,2.213293707,5.496777646,7.122152667,22.57678809,6.674308973,0.655386338,9.140974662
101.5842563,36.94759661,2.001205475,8.229054434,1,254.8482651,4.357681923,0.821583012,8.203446417
85.34869458,36.8175859,1.182911369,5.179044017,1,198.7774821,1.828748586,0.77069073,10.99602354
60.61051228,37.02477636,2.659245668,9.124036581,2.409237055,76.5766678,7.280135693,0.769314333,7.374327054
80.85120087,36.23238239,2.937570138,6.793313022,1,135.8470363,3.325819733,0.788734064,10.06183868
60.73164614,37.15869703,0.392440136,7.359545717,1,309.8321808,4.882559146,0.558275797,7.423874403
60.68540493,36.5987998,1.237275221,9.488694971,1,223.3547814,5.893073014,0.506437017,8.862045916
74.83924543,37.53763044,1.23085765,5.569254647,1,150.8783655,5.399220837,0.674563417,7.77287487
31.73439511,36.15540609,1.060096899,5.404322722,1,126.2316683,7.188359095,0.64641619,7.888295635
35.50164335,37.3679819,2.829474842,6.62460101,1,157.660907,5.958006287,0.438186753,7.245226965
58.75424942,36.59895539,1.806173861,9.057568277,1.485860623,98.82364421,3.277380841,0.580964682,10.68970806
49.74337759,36.174291,1.735485159,5.220980887,9.080636464,0,9.357124348,0.492980707,6.534147924
76.28494665,36.25805708,-0.003862364,3.251766603,1,354.2177911,5.388666927,0.329213418,6.519535495
51.83951849,36.33982635,2.63541803,6.823261712,1,165.5324999,4.705319547,0.758092148,12.24198713
41.75392597,36.71208297,0.760741605,8.3276112,1,189.8147265,6.927850846,0.511039849,9.955695129
99.31297538,36.76141774,2.05993263,9.300392625,1,144.209225,5.498901892,0.909741652,3.229772603
65.48447399,36.21315,2.277376938,6.805257957,2.506914875,76.48831993,5.798456386,0.174901546,6.869482522
71.35056409,36.4878227,3.360658596,6.882860089,1,131.4075519,9.984367997,0.388644245,4.376021325
41.50503628,37.57113518,0.691179601,9.230851101,10,0,4.449757143,0.506527767,6.098618613
59.11234551,37.36377159,-1.019512156,4.69538745,1,377.7086498,4.364478212,0.72747622,1.722970668
72.21845179,36.71816183,2.183849545,6.917218837,7.491782521,26.54880016,5.233157024,0.579893875,7.726020845
46.98012845,36.51900174,3.800511182,7.785635835,4.545444349,46.80337162,7.143031871,0.562094551,5.716116362
77.51396037,36.56001566,3.238946353,8.173828082,1,105.9740796,1.98693194,0.274547241,8.119810514
57.9872262,36.80675899,2.209659415,6.73528996,1,278.8075725,1.068888217,0.268611721,4.749757482
64.166125,35.98860372,1.508363814,7.551661518,1,151.4508999,3.825769459,0.564500932,8.165823706
57.96586776,36.37131173,2.807122597,3.76750897,7.128029136,26.3864204,1.732154082,0.227178801,7.170167444
107.0455637,35.66570796,1.0264538,6.512627381,1,275.4338361,4.150337305,0.39362445,11.00390593
69.73005551,36.69961156,2.476357769,8.180263069,1,223.1000627,6.004999392,0.600183466,10.82271372
48.84578142,36.82359797,2.505470159,6.026558949,1,203.8434957,3.218502273,0.303535146,9.570691206
86.45089824,36.25840677,3.060209907,7.588476332,1,221.5734241,2.146346846,0.821071192,7.346772439
45.583127,37.28699338,4.759660039,8.170308751,1,389.4361901,5.138674323,0.744787269,11.97076079
74.1772719,35.88711717,2.392415967,6.986176199,1,368.5094895,6.725086969,0.185716,4.893929444
30.80659752,35.76781256,1.491036374,7.755695656,3.46957044,81.3284657,1.610053123,0.313525751,5.192882741
43.43627902,36.61222591,1.974425688,6.055901152,1,312.3884993,6.640464797,0.042844551,7.8324338
73.93722472,37.02354915,0.230924095,7.19008308,1,188.316819,6.634612407,0.343481727,12.50807622
84.7693316,37.34196385,1.305286869,8.415324254,1,199.9095816,6.908170204,0.653277695,7.595322186
73.42736562,36.27055787,1.590717562,7.735459441,10,0,7.43696043,0.417221012,7.633509514
67.68703435,37.03934042,1.475911602,6.620203096,1,132.9614235,9.404027849,0.592159449,5.116179288
63.97792609,36.48074577,2.152354872,7.836324606,3.947626101,68.71764097,4.287815903,0.195533136,9.891859171
40.42956019,36.41368635,1.177580068,8.571914686,1,232.8058815,5.21914316,0.659595051,9.906352509
55.60311583,36.94182997,3.121030667,4.425088082,1,257.10805,4.167123134,0.388978154,9.578150403
60.78722458,36.82616144,2.000207065,9.238611097,10,0,5.00395369,0.502433936,6.741558654
91.14244452,35.71180392,1.990699679,6.995617892,1,147.7965136,8.065746711,0.4814251,6.586586463
76.87236579,37.23827017,1.672105283,8.1382349,1,262.1861505,2.309971032,0.245690296,5.413755499
34.73919689,37.19004568,2.155190684,9.295870385,1,131.3321038,3.277900656,0.269383134,8.167745004
76.48167939,36.18721865,2.825098265,5.442489454,1,222.9063645,7.754361873,0.693558894,5.839185341
62.29835439,36.69790177,1.132869784,6.435838496,1,185.1165468,7.040073014,0.579798432,5.64516699
56.46155999,36.74701509,1.341883511,7.067176956,1,184.1660232,4.273736706,0.710009808,7.152618566
82.23352578,36.63033688,1.696273971,6.324369718,1,122.8685022,6.708804002,0.564931647,7.02168765
90.61999045,36.22484742,0.654129077,10.10240486,8.968679562,28.34191959,5.682431685,0.528598127,6.924042942
88.62560238,36.16418832,1.18074214,6.214841859,6.31187418,37.84698526,8.000549218,0.154797876,8.932889194
53.21564954,36.48722296,1.523779126,6.666679831,1,220.9352514,5.149019188,0.445926661,8.158095604
63.81575248,37.08636451,2.874389181,7.806583547,1,151.9458256,7.051264228,0.494523136,7.423687939
76.62526863,36.77180008,2.262561329,5.696775711,1,136.1487755,10,0.89062144,8.366025857
89.51090254,36.31469283,2.193589911,6.906478932,1,107.6109958,6.19619831,0.637391326,6.016945918
60.41651524,36.88584936,2.850897962,7.976179892,1,119.4811155,5.098656332,0.807212236,8.210557248
66.28682047,35.07572869,1.862628212,7.000709393,1,254.6911794,6.44489397,0.619507541,8.301204986
47.87330052,37.07438285,2.39046485,7.359919712,1,116.4755918,4.269438284,0.357739355,4.993906281
46.07586752,35.63014311,1.896778247,6.706001831,7.757159055,15.89352867,9.775935411,0.523424843,9.991387509
86.25051645,36.31877953,2.265362349,5.228294536,1,224.3651776,5.360142075,0.547244729,6.23713259
97.12480057,35.94016505,1.417241342,7.982389817,1,129.5123336,4.45413336,0.312168886,8.180619598
68.55979757,35.85265926,-0.438817158,10.13239961,1,153.1395866,3.32862199,0.423122525,10.32882348
90.07065796,37.08041339,1.865720838,7.527602446,1,310.7578306,7.194440383,0.458846601,9.851353515
77.2327205,36.2661494,3.422748136,7.837896176,1,147.9439443,6.734374826,0.821123967,8.068666777
57.09760491,36.67325194,2.926215402,8.539084133,1,178.9183673,4.005291257,0.083851895,7.275001994
77.22791211,36.47653971,2.965397485,5.596004255,5.884175067,32.10765087,6.15290269,0.741163684,9.895023817
100.7607313,36.73852041,3.236130722,10.05377199,1,128.0330548,1.982888064,0.312640953,9.349389956
69.28347922,36.53841095,2.088657591,7.803493195,1,210.9526045,5.36994115,0.225584163,6.76326996
101.2928731,35.85850389,2.197315707,9.947785349,10,0,5.905512704,0.735988426,6.410212706
17.60509792,36.99813341,1.382348105,6.400450507,1,170.0845093,8.414659619,0.646379614,3.855289637
86.43805009,36.25312171,1.683927144,10.22709288,1,160.0791073,3.458362395,0.75090374,8.308063683
71.74094136,35.72170905,2.61577115,8.662733241,1,154.1287456,2.443294742,0.66014039,7.83460451
64.01985299,36.28594242,3.203884437,8.329560129,1,253.7158899,3.209144078,0.911969,10.27238275
71.83521553,37.2503799,1.860553724,7.851036682,1,183.4438515,2.326862999,0.611744767,8.718110187
30.24862171,36.92511087,1.549810735,7.127207073,1,297.8071898,7.673314716,0.468704525,10.66845839
65.60656224,36.32567393,2.000527959,9.300797488,5.322122067,50.64104844,8.09727859,0.568585275,6.605271544
77.14225143,36.32537115,2.601206749,7.710539805,1,163.5924567,5.640433156,0.748693826,10.27630066
99.55788089,36.33918247,0.556145184,4.549395445,1,158.4466786,7.442589891,0.344124935,6.942167242
59.63459563,37.53837399,-0.296180953,5.824220307,6.849507012,43.07455062,5.267916761,0.369622283,9.555192124
53.83012794,36.69096773,1.449463151,7.221231372,1,245.6295002,4.809776705,0.438207997,5.082483215
59.96485913,36.71502082,0.779287574,7.964998475,1,382.4673306,4.333924762,0.07908344,8.470270599
88.30804235,37.01514173,1.491859802,7.415117267,1,148.2993926,4.379218017,0.527615682,4.030624117
76.57502219,36.61939458,1.852219681,9.328456185,1,200.5021088,1.904396887,0.122774259,7.465725028
59.40479592,36.37047893,1.546751591,4.573347204,1,158.4518476,5.528509527,0.510611863,8.880707988
80.26534866,36.40182508,3.452467534,7.715381905,1.903832092,78.64153301,4.91933218,0.673057951,6.958062898
71.94155099,36.46419937,2.326744765,4.773031162,9.268080323,0,6.490721448,0.404624708,5.899124742
89.37289981,36.48138888,2.30047436,8.639568443,2.544247199,79.42265169,5.187046993,0.835423174,9.692236939
55.95893812,36.86381477,2.622207144,7.358311928,9.277105387,10.8041619,4.674592597,0.20789982,7.79307442
63.44675707,36.52597294,0.861166882,8.129414958,1,320.4102078,3.25761394,0.738252136,7.020858706
62.15783694,36.86632004,3.039111787,6.204175559,1,138.4890306,5.144306474,0.635027411,8.083791842
40.72970104,36.45964171,1.924235713,9.419197397,1,115.4080671,6.476474462,0.15679335,13.27333828
75.92240554,36.5393176,2.670480617,9.062586996,1,238.9153825,2.713322018,1,10.3070057
75.22110544,35.50089966,0.928142767,8.375316455,7.487419609,37.82488971,5.174947507,0.487250943,10.32514734
70.10226913,36.95816384,0.446241234,7.30572413,3.881768224,73.3135962,5.466085903,0.324503196,8.871092638
65.30825733,36.67324424,2.817889658,8.369785928,1,156.8072269,3.563870433,0.218582561,8.332970545
41.69258516,36.99900505,2.376409526,6.439661148,1,252.8768991,3.82428739,0.455996394,3.207835423
61.58709354,35.05187231,1.097948446,8.783333489,1,200.1685045,5.461221698,0.474518626,6.642039307
63.14570967,37.54418735,1.130336919,9.974221341,1,174.8325143,2.733157963,0.520529106,7.038851174
53.95445462,36.43020519,3.125434784,9.10591584,1,157.8117735,5.69984743,0.440440769,4.250215872
66.77428577,37.05409141,0.810588107,6.405596295,1,190.0235856,3.209291253,0.626645062,5.68516842
78.08101714,35.98004704,3.642672953,8.042125976,1,170.1652905,7.125707386,0.422474033,4.038327058
107.723718,36.80638695,1.099379265,5.560287684,4.926484734,47.00277252,9.675655491,0.113007177,7.923352329
73.49155626,35.97329222,2.638391926,8.358585467,1,154.6079222,3.278486397,0.470127701,9.637531942
75.15100781,36.18811552,1.671381524,8.175905119,6.627031983,42.63113411,6.068415725,0.026504469,10.21354904
68.51108168,37.45701568,2.603187431,4.695275491,1,158.1082543,3.54651619,0.570754126,8.829568924
31.62457569,36.4046588,1.455885998,5.757324234,1,101.9352059,7.081908348,0.304139954,6.073207318
69.46972249,36.60871644,1.837207094,7.075291655,1,400,2.469483182,0.532672071,4.135869683
71.2046042,36.93503387,2.040919175,7.048710379,1,146.0105616,5.961173517,0.762814996,4.486262601
119.2648422,36.74784094,0.997812544,5.685784597,9.943295226,9.576043374,3.254022066,0.310250261,5.462034845
66.1527807,36.57520945,2.740824345,8.083468094,1,136.5819789,4.586030822,0.712251252,6.222280604
76.03094685,36.6824805,1.486786434,7.877210413,1,201.9358746,2.93794945,0.413322087,7.680503004
69.30576461,37.70170779,1.771400085,7.208596302,1,317.3363946,6.644700942,0.85063896,5.971671564
46.62643925,36.4711906,1.005650625,6.36631275,1.922899915,91.05476001,3.326039291,0.426969477,8.677951787
92.85645629,36.60054952,-0.562333659,9.07306069,10,0,6.103928519,0.331901403,7.535452994
85.03866065,37.0253272,1.808972237,9.98311067,1,231.6837011,4.311803943,0.63744769,8.021091423
85.82063894,37.05276297,4.412615422,6.774657774,7.971444602,11.94012941,4.771055256,0.412842054,10.28050111
51.8122509,37.09351515,2.784604288,6.581749624,1,106.3844558,5.295511815,0.331710097,5.639536532
98.05588622,36.81936511,1.98073962,8.236811498,1,124.2379514,3.476350657,0.40443203,8.837409157
41.96297874,35.92849754,1.737109171,6.96295593,1,143.0366547,5.420734227,0.491078694,7.972053543
81.73714188,37.31671577,2.022465893,7.290904199,1,218.9164457,8.060669129,0.768436026,7.333027438
113.8091125,35.9268273,2.547119115,8.609479728,2.900273872,81.63657177,3.443810428,0.113182451,9.770512642
50.1892735,36.65131773,0.819187185,4.635965869,1,122.6270748,7.343620287,0.504616132,9.758028309
58.67404541,36.12286207,3.114321695,9.477453487,1,148.5729647,7.996195267,0.624980719,6.107018408
71.9930273,36.46793083,2.715381315,7.609020786,1,164.9597958,3.367690022,0.538689715,7.635678832
59.93048692,36.66438121,2.718185726,6.882760283,1,159.7827175,2.08989079,0.761973034,8.562423365
38.98673138,36.66067861,2.438475739,7.366148769,1,193.6005775,5.6039218,0.485130934,7.453986504
71.3712595,36.71096038,2.019616658,7.443644033,1,234.383951,3.905184954,0.463089712,9.170042665
48.75392573,37.30685563,2.672861236,4.903198045,1,189.2634116,8.737206438,0.618465909,8.562384036
79.47184861,36.72676715,2.591814134,9.742407341,1,195.3585524,5.069615081,0.519862763,11.66512248
51.61151532,36.37792168,1.645959289,7.561988448,10,0,3.395601184,0.421918252,4.939441728
100.9986881,36.98204358,1.426398227,8.164503196,1,155.0227699,2.705680978,0.603228808,7.755128021
54.33493415,37.09473524,2.101856295,8.927324656,1,197.9507548,7.179809918,0.369494341,6.182994977
63.55876968,35.88619609,3.549020151,5.968256314,1,222.8941195,3.857632052,0.37776457,9.208214911
86.27034435,36.79870003,0.760892924,8.210207849,3.291391517,80.76492258,5.087657599,0.394401196,4.76565622
45.38271367,36.85058637,0.532474734,7.098538364,2.186088877,84.09607251,6.91160549,0.770613832,8.69262542
74.54919869,36.35121825,2.164760841,8.770156163,1.983376522,92.58993247,4.031483296,0,6.739903137
96.14285509,37.18785341,2.050887702,4.309158869,1,203.64139,4.908142343,0.579119767,6.531676268
37.85033531,36.42497221,2.173341664,7.35135855,1,253.3881055,4.96686318,0.506854363,5.107003593
73.69267717,36.56278823,2.243953198,6.595769016,1,109.2539893,6.366649023,0.163825908,7.069848108
75.19765588,36.41346409,1.776797745,8.148394426,1,240.7962314,6.181488671,0.561945356,10.16900106
85.63645744,36.50778952,3.489863439,8.205066281,1,162.3479809,4.559772537,0.595150398,7.949622633
45.26098578,35.95186246,0.399096022,6.438561158,1,137.5714223,5.127298123,0.617927846,9.255360836
43.59086774,35.77997456,1.171502975,6.431739204,1,128.861577,4.256441977,0,11.32928364
80.43883131,37.29725253,1.89674524,7.334001947,1,224.6611365,2.044775186,0.773277882,8.52751117
75.93969346,36.07651933,0.356811189,6.155036659,1,182.5577817,5.515201715,0.352452659,6.882400856
75.00985701,36.00430383,1.824145596,8.762975543,1,377.5825428,8.784383522,0.637313549,8.93450443
76.92896419,35.42330494,3.661470166,6.946189199,3.304748385,64.7775357,3.232561719,0.648214756,6.911407707
56.39950557,36.18051913,2.020886488,3.139517671,1,201.8101702,3.453940581,0.324660583,6.991154633
74.64507394,35.8384551,2.230700906,6.937766915,1,97.07989902,3.258544457,0.63209199,4.960214401
75.86144947,37.32100758,0.739835235,5.942184269,4.104320146,63.0713013,6.449183557,0.422901352,9.852514982
55.71297164,37.00490854,1.383638592,5.053086277,1,148.9132863,5.896970908,0.085724564,7.227994849
107.3154902,36.15592483,1.62480362,5.643860043,1,163.7352479,4.682924615,0.733548385,8.364196492
79.47665842,37.6262179,1.682284903,7.664112708,1,400,3.163961877,0.344991007,5.928076143
46.17393006,36.99088274,3.281643795,9.492961242,1,131.5854184,5.184753583,0.329101307,8.871895259
83.13107217,36.33758431,2.557691061,7.969776711,7.330030215,36.98212705,1.870755745,0.419386826,6.476117524
50.5063666,35.25029714,0.888542043,6.590244918,1,177.3010717,5.286853134,0.554447345,7.716582557
85.74169207,37.64547129,2.246504778,8.183856293,10,0,6.743048772,0.488545918,9.755652062
93.17191158,35.80521377,2.498221748,6.811364535,1,140.8043217,2.497601727,0.609613385,9.581518624
53.58635363,35.67730063,3.140149039,6.458099446,1,151.6025282,1.934963446,0.232102127,7.955939855
89.26752258,37.01128522,3.580540687,5.768455998,1,229.4600383,8.158875783,0.351522726,4.463737935
78.25561854,37.7198762,0.984905808,4.87225679,1,247.3622249,3.776480721,0.476800586,13.98562114
86.4412032,37.19213641,1.189142489,6.91511444,1,99.64303811,7.271895692,0.879577459,11.49171794
107.9358597,36.78195456,0.742422141,7.737080235,1,134.9385985,4.69200467,0.477237492,9.44534965
65.09223768,36.79737717,1.765980141,7.355064495,3.190997285,73.38791694,4.676090366,0.717044453,6.493592437
54.92527671,36.92670778,2.466358374,6.876049608,6.181040647,37.19374452,5.876825399,0.507711034,7.772815677
52.20971141,36.87946429,2.987334517,6.081380909,1,180.9894779,3.232002287,0.403268273,6.91315914
53.6837943,36.64059571,1.924048976,8.412369288,8.519215369,22.64144514,5.264994287,0.450655115,10.52771188
68.45796581,36.55210055,1.680152477,5.52430212,1,108.5373099,4.23702117,0.466316058,8.525005782
76.8230395,36.46870344,2.151757992,8.664041871,6.192905968,50.48260401,2.359013113,0.620729148,6.431672283
75.53381599,36.12301771,1.164857098,5.996674472,1,204.9683186,5.674964149,0.774922254,7.058489802
86.54366498,36.35966246,4.089538722,6.371347144,1,330.1430099,4.473384386,0.57193617,10.24237629
70.26003784,35.65352159,0.392338973,5.299822214,8.603759169,19.84120172,4.685950343,0.737415536,11.20019569
99.07068154,36.45083019,2.184740579,6.74789678,10,0,2.579678113,0.307042052,11.05666313
64.70686334,36.00570445,4.023606219,8.962968688,1,137.5113115,8.182800736,0.417073898,9.51406413
124.4033833,35.94820534,2.006799845,8.273442133,1,151.5697796,6.753428373,0.355139493,7.494750262
82.51334696,36.58994708,1.809960965,8.967633168,1,171.8659307,6.928311768,0.562888918,1.516972349
52.85684887,37.19600114,1.642554577,8.283213819,1,105.3679485,4.389110595,0.428208323,8.594320048
48.58215004,36.9591583,1.819608318,5.844495257,1,129.9360701,1.541634221,0.645954587,7.996342482
79.6494483,35.7147497,3.372848475,7.003816164,1,186.7510411,8.905834765,0.313799658,8.279964193
65.53074429,36.00518593,-0.211861911,6.329701306,1,254.0430893,4.877804984,0.508606195,8.107794694
84.28000988,36.97038559,3.533433701,9.495862356,10,0,3.502400408,0.637371582,5.347475676
79.46475249,36.0087563,0.576042848,5.70481703,1,113.1060561,5.833603149,0.086939445,9.114817114
68.54342175,36.38768343,1.733347671,8.840546534,1,171.3808794,7.334241576,0.924326261,9.264432628
53.06412564,36.77502605,1.57075558,8.839430805,5.333747909,58.20238954,4.953898888,0.443369623,9.364677564
39.70305551,36.01582777,2.58855327,10.2444303,1,323.1169632,7.557150336,0.094992017,9.893154007
61.06970096,36.55268775,0.401875648,6.885470111,2.019792646,86.45901198,7.165999877,0.53161878,9.20810329
87.12797589,35.83298725,2.462172666,8.568483239,1,145.8707313,2.847237625,0.506688694,7.179941177
74.28187488,36.19931618,4.024309623,10.92247775,1,205.6022097,3.652419789,0.483621124,7.858326304
45.08522443,36.65989097,0.636825995,6.573537485,1.334362159,90.87152112,6.915074327,0.698238223,8.182249735
73.46361852,35.70350313,2.189706168,5.197439629,10,0,0,0.649488994,8.215398898
77.70634759,36.72023737,1.338017822,4.679984949,1,107.1345473,4.701088614,0.559575238,9.996435312
52.32285128,36.4901811,2.425887206,8.569068043,1,252.9440556,2.138337597,0.590031127,9.287337506
73.07450212,36.77624498,2.019147777,4.675274688,1,116.3104873,4.046892397,0.47912831,12.15468688
71.16417437,36.61195707,1.358513091,6.941521421,4.059521846,65.35656985,4.402359822,0.85509817,12.41293796
47.14059404,37.18207021,2.487872285,8.155969781,1,242.567221,4.283511244,0.204160796,8.159299165
77.15574721,36.56261225,3.80434811,7.777763305,1,116.9225104,3.895477496,0.527930335,0.326688903
81.21569053,36.28529723,1.809096208,8.138167296,1.320865218,98.98391863,2.805712701,0.513004926,10.47366493
91.66102486,36.56114875,2.719757942,7.833434784,1,164.945609,9.583822534,0.662656081,6.919247322
91.07604104,36.77164901,0.706727042,9.41829872,1,227.075021,8.734924008,0.331229225,6.397032156
42.44661264,36.52443004,1.043563623,6.071525429,1,388.1713532,2.675868359,0.15126548,7.20310945
51.2434992,36.52029585,2.472406278,6.484507292,1,232.7236108,8.164233503,0.531364603,7.106713906
80.30070534,36.14900416,3.484116029,6.341010832,1,265.9839966,4.201069019,0.556246098,9.22453962
80.27571902,36.16854954,2.355613349,8.745287718,1,99.4033801,5.258374947,0.797919882,4.881128442
80.30095373,35.79869736,1.686941969,8.850597883,6.472735228,47.4131894,4.87345208,0.245927591,5.844558508
147.0546298,37.37478837,1.999291405,8.176837979,1,156.233135,3.680502717,0.730938753,8.686317108
81.41781021,35.87806838,0.749592266,9.2752405,1,160.7169915,6.967704687,0.973482873,9.245888061
92.7113128,36.1535474,2.604515326,5.732938699,5.440173237,42.14872586,5.251773061,0.424447022,9.28308329
89.08003527,36.14079637,2.882333062,10.00083617,1,132.470547,4.046897154,0.241811556,6.425927442
83.02782503,36.94746219,1.547909667,9.784857933,1,189.9317602,2.390821112,0.418605127,6.043468701
63.69461511,36.35252516,1.529957852,8.603432996,1,186.0393395,3.212809973,0.502800993,6.986730332
85.17938441,37.12387104,2.26587823,10.17269836,1,200.4287853,1.717239769,0.612757575,8.479745505
54.54349571,36.16325469,1.563280264,5.015065188,1,179.096473,5.024447097,0.381721054,10.97095474
65.26362787,36.63949708,1.933867385,6.713327796,1,99.29913407,2.606668815,0.811039707,3.905125628
60.29272904,36.08232647,4.099721789,6.397044809,1,98.60993734,4.468878975,0.277093537,7.558542486
71.63748279,37.57257456,1.752974299,8.582218986,7.5635723,30.1048602,7.740203707,0.15215897,5.334643118
116.2931713,35.90620079,1.641659848,5.924788891,1,328.4775039,7.398599146,0.721342085,4.695514645
32.65469615,36.65491036,1.352458194,8.636242724,1,151.3450365,4.935446212,0.045075794,9.933913291
83.72520381,36.81688844,2.744191971,9.555804216,1,127.5146944,4.825830548,0.459174046,9.089249149
37.74568258,36.70689955,1.818775827,8.54280435,4.189424386,57.12079185,8.759749099,1,8.898867032
60.56136268,36.40735617,1.350626962,7.925626535,1,400,6.041512241,0.497591289,9.842051679
91.77901194,36.43508965,3.321304032,6.018189989,5.371284652,42.66719678,4.34438708,0.27584647,7.040562206
71.28560038,36.52190574,3.419603005,6.229723551,1,107.1152074,2.147963766,0.488520507,7.134724967
48.44510444,36.426499,1.399576434,9.374428358,1,191.5836836,5.787746436,0.489839842,12.37146123
55.69392581,36.98193956,0.133460049,8.669023506,1,210.0212966,6.658647545,0.532129988,7.506857891
83.59195498,37.6052615,3.00751369,7.441470721,1,245.7932055,3.736696951,0.632452596,9.470264226
55.39266737,36.22125411,1.315370174,6.873135681,1,330.7608508,5.58240551,0.292177766,8.012763082
74.32917179,35.81509851,2.790625599,4.46128819,1,200.6157655,4.27285341,0.837509611,4.30348294
70.9114368,36.45585898,0.029896182,5.893721372,6.612577851,44.39692,4.631935202,0.549022857,3.910741992
56.96799305,37.78985467,2.892597338,10.36712863,1,124.3054875,0.024355885,0.645358809,6.84203156
112.8788818,36.09816272,0.788828071,5.579316643,1,180.7832373,4.556437193,0.37437012,10.1122025
82.67838045,37.3195584,2.730764119,7.784219732,1,356.8226042,6.938738605,0.757276427,9.576583313
29.49714827,37.33885041,2.014273068,9.01116596,10,10.21945216,3.737194889,0.448589518,9.828154328
73.7290863,36.22320588,1.046060581,5.617615998,1,270.2576505,5.105052736,0.555510503,6.025907642
56.7642707,36.78449154,1.592963687,7.777065712,1,167.991437,3.488098587,0.313378785,11.23174498
87.0486667,37.31419831,2.686318457,8.906873306,1,233.7830535,5.720883353,0.300613675,6.0702134
54.14958523,36.31043613,2.105894453,7.518748983,1,139.8005283,4.566953605,0.637641061,8.425648797
67.70527117,36.39820982,2.58441298,11.80260458,5.342958485,65.75673699,3.121516919,0.411278634,7.97929542
80.09974558,36.20915954,3.976440585,4.997101112,1,225.0872779,7.665102935,0.329235382,7.652252359
87.31510388,35.99262163,0.435758388,9.088092795,1,215.4431027,6.857864027,0.371363332,10.67718428
45.99407186,36.17536123,3.617212575,7.240797394,1,247.2056966,3.790186472,0.639790614,6.58977896
63.30997528,35.88802987,2.104355938,8.657880232,1,148.6695365,5.995576619,0.374192428,5.300789489
60.50109378,36.51704173,1.101215952,8.161960728,1.943001168,90.01779767,6.074824006,0.476469014,8.039990972
56.93341535,36.11501338,0.669686374,6.400265704,10,0,6.28460247,0.50300555,7.200346531
105.3090848,36.61689296,1.810879609,7.843494589,1,231.9373268,1.611488208,0.116530223,14.75476584
78.09963422,35.72205218,2.921650112,4.713147823,1,192.3889482,7.013213082,0.205774719,9.353014953
44.78232091,36.66544012,1.87245088,8.404871251,5.68731406,53.42173671,3.860602074,0.567255578,7.18131885
88.35723894,36.91676448,3.51115493,7.947237699,1,96.14263267,4.284344133,0.352594128,5.887776862
112.4431239,35.50313218,0.54882431,8.457990253,1,103.3241188,10,0.711344982,4.239423179
90.64930521,36.68702828,1.987911052,9.087177488,10,1.701556802,5.603746761,0.693361421,5.949561829
39.61260068,37.1138345,0.747606556,8.05142976,4.55106174,68.23176034,4.227355049,0.643833733,8.229883544
60.31531854,35.89517949,2.363631883,7.72213413,7.423268436,36.61696432,0.589411254,0.863954357,10.8546573
95.33822298,37.33628619,2.88688739,6.178397495,1,108.7520988,7.779528268,0.483382134,10.24337828
55.84661069,36.7095095,1.579238206,6.431668855,3.250052212,76.13025017,2.309580658,0.629776385,8.458189663
78.87638856,36.14749407,-0.604213857,9.28010193,10,0,2.993122193,0.383119805,7.353664669
85.49268107,36.47211546,2.198948147,9.654503109,1,352.2590231,4.337295402,0.990473983,8.537624713
51.46139057,36.77916346,2.436738552,7.142834346,1,275.2540731,7.832823583,0.89672673,6.962724005
68.80949288,36.5380027,2.404294755,7.569004121,2.798264036,72.09805785,6.546479973,0.502376087,11.43672799
5.174653199,36.769378,3.235782192,6.143078438,1,177.2421397,4.68432498,0.577317246,7.621619637
49.51224717,36.0396632,0.92894632,9.259135268,1,191.746509,5.616584127,0.77185952,7.827324284
64.94863697,36.58468041,2.680216105,8.498125236,1,269.1085855,3.799228614,0.470572099,3.56835515
45.04433636,35.79314275,3.192507512,10.41182615,3.973145288,68.13949733,5.279307379,0.368675186,7.609130307
102.6482261,36.44438697,0.221412416,6.182515384,1,259.2106784,5.14667349,0.67479795,9.672968276
41.39717244,36.04804618,2.319651826,6.932988151,1,95.20946958,6.937539791,0.515687849,5.864554846
61.19911027,36.13223503,1.495820169,7.847168884,8.809693928,16.41375958,6.934356245,0.53659889,6.498559331
72.61481155,37.11804659,1.918477327,8.469734307,1,222.4136559,5.987954764,0.333145731,9.585422035
98.82546578,37.04565506,2.347676484,7.176498544,1,279.0758424,4.275304885,0.15646557,5.046685553
41.28275698,36.80456906,1.512771436,6.190558364,1,400,6.483644589,0.547228482,10.11560202
93.26327504,35.95384362,1.324291921,8.822111293,8.178031261,30.02747349,4.816063068,0.680992408,6.93571222
70.20466122,36.34179578,2.034152417,8.581703044,1,219.8919685,2.836171263,0.45483865,7.222863559
50.36982698,37.10654885,0.912754061,6.125588849,1,109.0198756,4.193424416,0.787285904,5.75224319
79.24206949,36.57085846,0.914174871,9.533164202,1,228.3358711,5.169053968,0.359216735,8.756092521
73.98119391,37.65966477,2.679373283,9.255298064,10,2.951044877,6.820431567,0.289059109,12.91974397
57.99566246,36.69665892,0.851205965,7.701444746,8.842662498,23.72302243,4.632943656,0.486553939,9.562994479
71.3960417,36.59602456,2.666312501,7.619396794,3.453349761,72.41251768,2.581602578,0.483481485,6.271429476
62.29372806,36.34544177,2.462591293,8.331086657,1,157.8964046,5.113483367,0.653993746,10.27124117
72.27034691,36.56677045,0.274193271,6.207445395,2.418063515,85.89187335,5.22691208,0.345007435,7.366640908
83.24261349,36.42376508,1.322435348,7.545047219,1,215.9054344,5.371675258,0.773618847,10.74896996
101.7203363,36.85405434,3.194109403,4.271424683,1,252.6894618,6.839743032,0.893383393,9.613352804
45.24369002,36.97835116,1.018834469,8.814683468,1,209.9577541,7.03784648,0.492171195,2.113716869
112.6606675,36.10700527,1.535595738,5.157760166,1,311.878764,3.811578255,0.749942084,5.991840734
30.95824401,35.83438352,2.462060893,9.755129743,1,191.5826629,3.767713084,0.288700586,9.888770446
66.9642981,35.58189731,2.783390509,7.004819859,7.437275137,28.31032897,2.919602578,0.715044308,8.303314544
81.76634413,36.75399566,1.748461114,7.182499527,1,286.3376514,6.397631341,0.709455282,5.952488105
75.61983735,35.9483167,1.402489805,6.558399141,1,89.48437644,7.897640217,0.672687456,6.732820969
57.5460096,35.4235547,3.422369862,7.067941689,1,241.04185,4.369836144,0.496887382,4.18752676
65.83755499,36.6942893,3.738899664,9.627797018,1,307.3734217,4.517138871,0,7.823253425
60.13998131,37.74649976,2.978858051,3.768287015,1,195.6688011,7.933565114,0.371654571,12.42137945
58.21270486,36.49696454,2.085318143,9.415448079,10,0.384118684,6.011115706,0.374816796,9.609866781
86.99204194,36.91924539,1.191734278,8.007035222,5.161696304,58.17878335,5.87247141,0.304349012,12.380834
77.14030972,36.54091468,1.169555593,5.689467528,1,282.2744467,2.618166988,0.524448601,9.76479418
56.14180809,36.45055517,2.522514105,5.88703141,1,133.0877314,6.357456139,0.416207311,10.05495869
87.99199751,36.95953824,2.418398221,10.01458954,1,157.9573535,3.141727319,0.335077598,11.94815738
76.14599042,36.35486273,3.401598593,6.08173968,1,225.8824416,2.731959628,0.28823997,8.754526519
86.25724238,36.63369616,2.650450093,5.769974234,1,219.6322862,4.306456846,0.356897403,7.625545357
82.59257684,36.6608489,0.496919698,9.205971814,1,177.8799812,3.828414553,0.724299842,10.06531503
53.42009978,36.16595477,3.051947618,8.007829314,1,129.1331629,4.556800611,0.367794989,10.90768047
58.7963792,36.99602117,1.001939373,6.093111635,1,118.7331554,2.118036731,0.397012259,7.040070715
84.9458721,36.41252012,1.616028728,7.824937463,1,235.7898825,6.917632613,0.408660477,6.556861835
82.20740531,36.12212742,2.250200206,5.961370975,1,205.3569531,7.255372589,0.567798703,8.277712065
69.58196812,36.76825492,3.99566749,9.151232098,1,124.2699999,1.105315052,0.591249898,9.662997734
72.34654767,36.05076601,5.109918556,9.092056447,1,258.2112313,6.956915611,0,9.596182097
95.55329792,36.51409058,2.606723059,8.298009298,1,137.0965885,3.37894274,0.704327043,5.1516648
58.16857222,36.4954405,1.816803381,8.042491592,3.784540512,64.83378257,6.713951074,0.787273607,11.82321213
80.94194762,37.04294778,2.534505648,10.14178219,3.747386072,74.10293011,4.863107015,0.289962693,6.717670141
65.95614695,36.73734912,2.887655426,7.499529491,4.929159096,52.12591637,5.057551128,0.305540351,7.469870006
65.64637594,36.48748652,1.679332374,5.727188812,1,122.7589983,4.629804701,0.409949322,6.19469128
91.97553704,36.90888315,3.795211356,8.174210869,1,273.3724278,7.424258408,0.348799196,13.39665767
86.50832698,37.19510377,2.230070759,10.62907057,4.848080121,69.4904819,2.520823975,0.544785375,8.484141341
86.27019272,36.77890515,2.497743089,5.97786076,1,168.8475761,6.215680677,0.110694943,6.298049839
96.10957614,36.50517631,2.665924252,6.95780585,1.24253378,84.33106544,7.20266033,0.276414478,9.7278471
70.42007683,35.84408188,2.421586611,8.124669057,1,123.9690959,6.432680161,0.80783944,9.538271559
83.63905943,35.96744317,2.8389405,7.419142726,9.219214999,0,9.649397829,0.314356007,7.624545953
63.79466487,36.34738765,1.382746813,6.026544629,1,127.9461771,3.942106475,0.748685656,9.681213426
76.48332705,36.1952439,1.441698246,9.182786784,1,130.629462,6.914609645,0.571067639,6.349416078
67.39713891,36.40651435,0.899845767,10.98006108,1,204.0287944,4.787818729,0.138146457,7.01416345
71.9399193,36.52832496,2.439501231,7.794197189,1,172.3280913,7.466812153,0.627065839,3.979566691
81.90314051,36.76484638,2.778936504,6.143897565,6.702464596,30.1607875,4.984622009,0.47646654,5.352097832
53.63558634,36.46475061,2.457772866,5.176559212,1,258.4198244,4.224248436,0.408906589,11.61526161
111.8477455,36.74325082,3.674492433,7.886963972,1,171.030304,7.612144408,0.548991419,11.28285726
49.87965237,36.53223721,1.994403981,9.155816015,1,169.8393517,4.016876122,0.594926697,8.131577297
45.71622774,35.51226672,2.668741656,8.21275162,1,149.0817647,2.174548482,0.641518364,11.32586289
93.16221747,36.0303323,0.908299124,7.496394239,1.31125665,98.22425528,3.966306234,0.73565057,7.679851027
85.83325388,36.42795622,1.612900298,6.616092522,1,171.780234,6.238065893,0.581627183,7.513179395
82.48239634,35.89515263,2.695537758,5.861754551,1,197.5588436,7.784077503,0.224873182,8.113021297
82.56691019,36.79996436,2.849102111,8.752126989,10,0,5.222258751,0.405270908,7.750156809
69.75506454,37.26537542,1.706033052,8.870657432,1,96.12391627,7.636394134,1,7.569607353
52.05491257,37.10938093,1.928400748,5.18140532,1,124.505303,2.283650157,0.644898212,10.28679621
71.51609116,36.39327856,0.482126253,9.884758467,1,175.6170606,4.11347307,0.97385746,8.300271308
56.45676577,37.24536307,1.642970799,8.361106831,1,269.3311006,4.422849766,0.779086816,9.424963529
89.50239467,36.57433373,2.890383164,9.599391968,3.423677718,72.82591854,4.770881145,0.548360414,10.06276105
67.05885237,36.33145701,2.575205016,5.486808377,1,100.2038153,5.168188777,0.560281414,8.776371591
53.49005606,36.19329867,2.500665721,5.451263767,1,98.74658894,6.381821915,0.492683992,6.059457348
63.57228317,36.34876516,2.049773687,7.276546035,3.775056065,69.84724099,4.110386324,0.152439077,5.294268222
78.25862909,36.30591159,2.007063159,8.25417664,1,115.2813505,5.278057374,0.50360945,8.29756127
58.72550894,36.58520811,1.339678861,10.19454123,1,227.080222,4.909754219,0.742134911,7.65748739
53.55559209,36.58028699,2.69882842,8.559118371,6.436996216,44.61645046,3.148220192,0.380072001,8.174782858
74.87374423,36.50152301,2.420972944,7.135978085,1,192.7814395,4.772666622,0.5823906,7.967891922
74.89933142,36.71846908,2.492018848,5.960446189,9.76442914,0,4.71268094,0.670318209,13.16714732
59.86113649,37.09532314,1.473965157,9.345000859,2.086897913,93.86620036,4.66983887,0.318063912,5.339547489
60.57923389,36.97477707,-0.15334292,6.052941861,1,117.05107,5.063518913,0.409739427,4.02010746
74.64099875,35.75755102,3.097152712,9.942702832,1,317.4859673,5.151347081,0.296417702,8.664753667
41.03831317,35.22303943,1.521162544,7.073423026,1,122.5197695,4.135409642,0.335566879,7.247154891
41.85072451,36.96715996,1.137224236,9.885873109,10,0,7.545429468,0.242478943,8.632135739
55.63111557,35.81656065,2.693478912,8.518396935,10,0,2.661038742,0.319910308,9.167766045
65.73105697,36.3876173,1.60798736,7.294506766,1,153.4029586,3.558059783,0.783891136,10.56820939
76.21815131,35.91494349,3.059936384,6.720905442,1,211.3770856,10,0.316904594,4.985548359
99.50712434,35.59900978,2.61700595,6.988638184,1,187.5455858,2.92401729,0.525291844,6.886564204
87.15319246,36.77073136,2.683569323,8.142475039,1,166.7570106,2.292490651,0.399426249,8.857522518
66.8012294,36.87957758,0.634044289,7.615734744,1,266.2259598,6.46895349,0.735773187,9.540927191
69.61967584,36.2117448,3.211943985,6.609282888,1,96.04087793,0.845760292,0.762232459,12.3868991
49.94941271,35.20447885,2.261250531,7.251552885,1,239.4910556,4.52945218,0.672813996,9.911407942
69.62973728,36.22687778,1.630722861,7.617865545,9.831054808,0,9.29164985,0.561226911,7.886422808
64.22682722,36.695902,2.143388467,4.306898858,4.160934076,59.50521671,1.910128156,0.453788093,6.219128494
76.45437121,35.76054422,0.223764767,8.187252172,10,0,1.036071029,0.261625059,6.871420295
53.45538113,36.59167996,2.408652811,6.030418163,1,122.5154699,2.001637596,0.888705776,6.814594354
80.38693028,36.49234508,0.970628492,5.770001395,1,145.3738783,6.796719137,0.348065396,9.310467257
100.6547783,36.78964575,0.647329714,4.968983479,1,161.4101492,7.24955344,0.632729269,8.513994891
67.82479703,36.55979018,0.477640814,4.809161253,1,156.1883353,3.974822406,0.711913115,5.352700858
78.03423444,36.01346553,3.112688375,5.466828745,3.391480832,57.24466692,6.366424808,0.388943901,7.128197062
83.80287983,37.09828575,1.370736606,6.436468564,1,130.9759156,7.780510655,0.707602505,9.755095107
61.97559056,36.42073521,3.53372771,10.42988871,9.795209557,0.255333139,8.574692829,0.652842641,8.70332471
74.48184964,36.48634773,1.464198537,6.711180486,1,286.3228975,4.507329438,0.845592767,9.137289232
70.25184802,36.03336602,0.292642042,7.766625159,1,119.6373927,0.397056565,0.406130707,8.76584342
71.95352197,36.27835887,0.88347556,8.10072208,1.584278005,101.1113881,3.358242155,0.242827197,11.25286147
54.53980432,36.05759864,3.23581162,7.696597779,1,308.8940328,4.14639161,0.398902049,8.472086128
70.49020349,36.41352697,1.844101822,7.383834809,8.048255032,25.77534665,4.482122407,0.541770709,7.227954404
79.95996582,37.35585424,1.451712704,5.707059355,6.561455083,37.4412886,4.624281198,0.511642545,6.168489918
99.02287216,35.81404943,2.160018226,9.676391322,6.626897483,40.37796751,7.237789196,0.421312421,8.499218916
89.18541652,35.6932193,2.501782736,10.21079497,1,143.2128618,7.548856853,0.118160508,3.11859197
113.0636492,37.23558516,3.117398816,4.976011959,1,193.163163,4.656652692,0.594096599,7.631421996
54.65304874,36.39533816,3.44849923,5.963957114,1,223.9675468,7.196969752,0.894468896,7.58832028
87.44641273,36.16546363,1.640231354,7.080284486,1,400,5.715322733,0.592850248,5.271058293
73.66684011,37.01995234,0.673952314,6.053193308,10,0,5.129011946,0.621827104,6.143468323
113.7960587,36.19719223,1.586534839,8.25894833,1,210.8735589,6.813088314,0.614489061,9.61931506
53.83403429,37.41300486,2.260280507,6.407591696,1,94.28694274,5.144504096,0.579409334,8.461423498
53.20556316,36.83896294,1.036241074,10.7475841,1.904015115,91.35848511,9.115622354,0.686333193,8.203576667
58.01214709,36.2560443,1.042849085,9.285822892,3.247870706,88.02278717,2.123177666,0.579074736,8.612695068
27.52208551,37.57865411,2.343787882,7.818861046,4.748797158,59.12303292,3.969658202,0.437464566,8.185255176
59.48489957,36.19714254,1.951347648,9.040479395,1,318.4524835,4.746962206,0.340802218,10.48572513
54.81734677,36.87104769,2.032796995,9.158850637,1,234.2297327,5.878905381,0.450205269,8.246858363
73.00787573,36.64964629,1.241504665,6.654078768,1,152.3195979,7.535920974,0.562825899,5.083573772
76.83511952,37.15087064,1.769599286,6.275674133,1,285.1015752,4.951202866,0.436783408,11.26025993
107.5234168,37.2807556,1.075766856,7.617214594,10,0,2.155540701,0.562867737,8.740680535
89.00847676,36.51600207,2.890198411,8.792454187,8.368767792,16.92948687,6.685027793,0.587830027,6.821492538
58.46192689,36.12329106,3.035249335,7.708590598,9.659651062,0,6.509917532,0.666635886,5.493196563
52.03170657,36.72998607,0.153812138,5.134505277,3.356054882,80.05854599,1.116282681,0.756558994,8.791828442
79.83838343,36.16114232,1.07048914,6.295763334,1,166.1698527,4.992391733,0.515601484,7.76565599
43.59533586,37.50669362,0.503470745,7.389040705,1,160.2858578,1.819716339,0.238444687,11.14829357
106.6291753,36.56826767,1.349976066,7.386501594,1,164.9341911,3.670697805,0.430979181,7.308185439
93.58880241,36.31733922,1.91656203,10.45881327,10,8.894316893,3.194382146,0.508812513,6.325238421
60.61648696,36.59234015,0.55035478,5.421018086,1,230.3154743,6.618529396,0.132846249,9.791592436
35.73730942,35.82643686,1.078140187,8.258383863,1,173.9627518,5.233660348,0.777732904,9.850563785
97.07744748,36.01419298,0.996042628,9.733669662,1,223.3054281,2.428817998,0.528475583,8.337302735
67.70920309,37.10020695,2.207267329,10.90717462,10,0,6.760131926,0.576270567,9.352714095
94.75632624,36.17155286,2.069344337,6.893403865,1,181.1490859,2.132388352,0.773105293,7.924625759
38.11144682,35.97654451,1.278262447,8.237144179,7.890633196,31.22347601,5.660227581,0.373971434,8.467730202
58.01249954,36.76832638,2.176820872,8.354640536,1,110.2676747,3.371978661,0.614808386,10.32998177
70.10487399,37.09285208,1.453319915,7.793222597,1,203.4364899,4.268645835,0.478027175,9.250636668
70.93961188,36.85947666,1.72834489,7.351732198,1,159.1093606,6.008541496,0.463182627,7.661451123
60.99869057,36.99802384,3.67345209,8.153963084,3.243502157,64.84600202,6.042898798,0.345561522,10.70472509
82.45699865,36.12160246,3.340461052,3.701630872,1,150.6273156,7.673938147,0.833120643,3.270289254
48.64759141,35.78909467,0.700418763,8.523104235,10,0,4.835492601,0.424899992,12.10414662
67.1524103,37.25066683,2.829732418,7.689266855,1,265.0267396,5.612901726,0.639892849,4.58808181
72.40591263,36.33866008,2.811396554,7.166287655,1,129.4715981,4.124525355,0.124998523,6.74581435
80.28877668,36.37458349,0.851736711,10.57029329,1,261.8549944,5.363979765,0.735997706,7.91816493
84.23229756,37.16409707,2.818777644,6.487598972,1,97.34683129,5.878972096,0.710442231,7.707038659
47.50715816,36.778115,3.537931918,6.895386016,1,97.64240116,4.803380305,0.519486822,10.01282208
39.31771659,36.72794389,0.877455194,10.48732995,5.343533696,73.58132134,1.392499032,0.454611507,5.884326763
95.55353644,37.58250117,1.082497179,6.251908043,1,237.6173932,5.662941793,0.580000001,8.521533635
76.64628024,36.17824088,3.017661467,6.674827076,1.463225306,79.05688427,5.729122955,0.957758132,6.843575804
55.03026927,36.96392006,2.271495311,7.279461865,1,214.4595432,3.639653047,0.14735266,8.590281959
101.0230395,36.52850656,2.551476275,8.761101723,1,111.7547602,2.431225928,0.656405478,7.87045548
72.31349269,36.63429614,2.340589216,7.811703761,9.92402659,0,7.951758301,0.31767654,8.185871305
93.58594368,37.26423421,2.390695921,5.561061979,1,92.96859322,5.982891022,0.496016321,6.900150335
71.35036963,36.75391788,0.673527872,6.701747155,7.831262779,32.08917856,4.541837938,0.450423976,6.9798721
111.2149585,36.76914804,3.047317707,6.58896835,1,153.3902724,2.725934234,0.414336348,8.574545028
105.1068168,37.03625367,3.169589992,7.384168432,7.114305334,30.95922643,3.356370343,0.497906974,9.887431012
65.02071703,36.31752364,1.770609256,8.138765488,1,242.5975101,7.605180794,0.273165771,6.803441332
89.43141902,36.08039517,1.95652305,8.127308634,1,140.892414,5.275323882,0.705836087,6.262464911
82.90751899,35.9775954,0.468892497,4.835982369,1,132.2404005,3.898825866,0.141171298,9.226920331
97.37263115,35.51682171,2.514254756,9.095911481,1,215.5892138,6.019378462,0.607952903,7.934992214
50.70153079,37.52810356,2.572057442,7.878853269,1,246.3906934,3.371203625,0.434692829,9.660996268
83.7210292,35.94839582,1.937808983,9.576798071,1,147.9901248,8.001686061,0.265815021,6.188405573
91.16848974,36.38937319,3.12435336,8.166297491,2.288357012,72.87997005,7.70560107,0.540476674,4.441122149
34.82521027,36.36159335,1.665922769,9.151984437,10,0,4.066851858,0.188609783,6.933991836
46.33482975,36.65370335,2.564605926,8.199817967,2.535636714,81.3950243,3.742659506,0.507942764,6.467294781
29.21535644,36.90786861,0.980335661,9.519338634,3.930043917,88.27877534,0,0.215424618,7.8424232
64.61186331,36.93023674,1.976447849,8.283375954,1,160.7057453,2.036838457,0.592254417,6.726309571
84.35084512,36.20846128,1.825645742,7.35312713,1,115.4853119,2.32106045,0.315128533,9.482033903
100.047141,36.41643914,2.225307922,10.90865208,1,218.7932972,5.270380682,0.409801197,7.423699475
71.48189561,36.64128998,1.630473071,8.833555683,2.315761425,88.70167287,4.347532591,0.558789878,8.300948998
102.5723109,36.37565444,1.868527404,8.360616632,1,144.2958833,2.309329025,0.345491578,8.315269117
42.39797084,37.30367279,2.826047171,5.585543375,1,268.3987443,4.437671915,0.4884072,8.389910185
35.93235121,36.74548748,1.563235763,5.567538574,1,184.1825214,6.010674295,0.1972339,7.951741779
68.88904602,36.86743889,0.393422899,7.939073223,1,143.9962458,6.0556787,0.626175121,9.021201381
77.68130898,36.83144063,3.749583904,7.718281797,1.293513738,89.80555581,1.200659438,0.852982761,6.408689732
69.34610504,37.08673693,3.381454079,6.578816152,1,86.67686033,4.743473039,1,10.79883585
28.651158,36.59051078,0.707737305,7.711474049,5.259925588,64.9386747,2.233318446,0.518233629,7.526925233
68.21759921,35.85158403,2.689707805,9.882940392,1,95.89931342,6.803457394,0.657640828,5.376901724
43.91060999,36.69984398,1.497025229,8.543103712,1,225.5665839,6.568292833,0.143874865,8.376146714
83.39345098,36.17432155,2.263487215,5.788487235,1,127.8111729,3.203945547,0.800546865,6.297639035
77.33196492,36.23569166,2.294224129,7.332736759,9.029234888,15.02269306,3.467909595,0.655245701,9.330669069
51.20240427,36.79318201,1.7655922,6.292550279,1,326.8169293,4.077465899,0.403213311,12.41921115
59.72266165,37.11914154,1.216234334,6.918450125,1,181.9965191,0.494413211,0.74743616,6.426855817
48.81572956,36.51063579,1.309458948,6.879576502,9.61963782,9.305659949,5.671936347,0.449104785,8.664744666
68.74641805,36.65441651,1.083808085,6.783531626,1,105.8151073,4.454310907,0.408394963,4.488988823
89.10284641,37.35110747,1.168177792,5.617296942,1,161.0886383,6.940350165,0.595066985,8.907810459
50.28547907,36.62037659,1.93282171,7.308517978,1,320.4592093,2.803181564,0.2873291,6.2285724
80.08093031,37.80084156,1.284240011,6.659088545,6.832217843,39.18875417,3.761754104,0.704324953,6.750330763
59.39484763,36.78275482,2.682052066,3.105826965,1,247.6040719,1.986949484,0.288802038,5.79742702
54.14254335,35.61961862,3.487246155,10.57945804,1,289.9486427,2.991418873,0.289989042,9.464302452
67.8593928,36.87667081,1.419946759,9.133154481,3.130277793,87.13456949,2.636036008,0.318062042,10.01460871
49.29515355,36.69057919,2.239404501,6.935548913,1,122.2486381,6.991947358,0.651900008,8.046770429
58.92701389,37.14487638,2.49968511,7.528228575,5.962700767,46.36907526,3.603476302,0.376644928,6.271146589
46.04244215,36.83659068,2.472002271,5.742518479,1,129.6538859,5.248351369,0.230400843,11.17904607
109.2945027,36.43077201,2.075955268,10.04358432,1,146.3410026,4.238473192,0.378864,6.499179744
70.70527104,35.88785088,2.742682418,10.34593304,1,215.9649998,2.461069468,0.493591526,3.6759354
56.00548984,36.39548837,2.482248953,7.735040592,1,259.0183471,4.663399154,0.263805503,8.91677802
74.27959821,36.07473977,0.762337578,9.035295966,3.935907425,75.19039354,6.198206664,0.269663778,5.790450653
67.75343901,36.20973828,2.869156064,7.762930168,10,0,2.584481215,0.922259267,9.977217587
65.58060801,36.7942892,2.887290837,5.494911842,1,147.8755221,6.618225581,0.327886919,7.237724607
82.283334,37.33495225,1.236713896,6.882264947,1,179.353753,3.300558157,0.435391526,9.207426481
85.1501542,36.69733576,2.037937835,7.69789195,1,174.9417688,4.034032148,0.4265526,10.80300069
59.38997705,35.90205847,2.683328993,6.818178422,1,117.3326752,6.061366246,0.415728638,5.582282271
58.48363519,36.72230133,1.79068618,7.172020084,1,162.47521,3.673127686,0.624269348,6.868125738
64.49896606,37.09831574,3.072978048,7.362900664,1,301.5444808,5.075149719,0.68962859,7.848657855
23.96157671,36.19510855,4.363872495,7.378682253,1,188.1734169,4.370618342,0.438809114,11.07510264
39.69617876,36.43299142,1.214013967,7.578387736,1,112.6631575,5.258736013,0.252704343,6.683234564
97.33748535,36.5073441,0.618955397,5.9090924,1.540079812,99.98021829,0.238521789,0.754888046,6.810992608
102.8993543,36.10755084,2.303818596,6.424475776,1,133.0147642,1.34063637,0.480931782,8.956281151
65.01927921,36.82414022,2.721562505,5.573123601,1,313.6739962,6.231934012,0.846064363,6.845542549
81.53113926,36.43952593,1.769133626,8.966723325,1,131.669929,7.074362811,0.05088282,8.305051766
76.22500309,36.70976622,3.453260663,4.341529587,1,148.0205655,3.179026593,0.539080644,4.896925158
131.5776162,36.05625391,0.6613942,9.230385515,1.417304971,101.7686429,4.511943296,0.883721267,12.42865989
92.39149823,36.28127085,2.692918623,9.579524096,1,259.8983357,5.589438506,0.429347173,5.304581539
67.44164817,36.86119068,1.394139179,7.04672912,1,345.9837255,6.386435203,0.454901315,7.356494592
50.88919119,36.31358342,3.719377906,3.595294368,1,195.0613049,0.944645457,0.559102338,7.935037928
37.87107359,37.36348193,3.992515353,6.958034157,1,158.2772904,3.227919506,0.388240836,11.82537627
74.06927272,36.30018191,1.233343412,7.403723758,1,153.6782833,4.33484124,0.437585614,5.350308438
54.87298509,36.61234236,1.450442864,5.98410267,10,0,6.406280394,0.432436981,11.96740827
41.55492581,36.96629542,2.859587887,6.727172409,1,224.5150864,9.996860967,0.374515853,9.514353642
57.06854232,35.79081713,1.61286935,9.795292798,1,163.4166416,4.543988546,0.74577131,8.834190649
48.36903993,35.61959559,1.954588782,8.497390743,1,192.8342051,2.186045076,0.592215606,6.030732626
103.7428327,35.73717184,2.025388421,6.113153828,1.999903825,78.85378059,5.804536154,0.550125646,9.142282484
87.63279514,37.13129205,0.080326844,5.103601246,1,111.5543121,7.641991579,0.661714201,6.553026755
69.84054717,36.22407093,1.986162254,7.009474024,1,108.8975063,5.216028242,0.447128833,10.53332251
99.59888278,37.77909964,1.310272226,7.179814831,1,252.1622984,3.18670291,0.345159236,6.057875942
71.54736615,36.2178762,1.506877178,8.244298781,1,112.1240163,6.915987883,0.379475139,7.773683011
52.77431597,36.59227565,3.443632003,6.697024931,1,358.2660322,6.327091237,0.500356608,6.889453824
100.4624815,37.27105498,0.743493106,8.267249363,1,193.0862419,2.947838312,0.288157658,6.024954075
80.77820087,37.50304644,2.813205187,10.40273106,8.618499179,22.431734,5.762851235,0.399947797,9.482639634
49.25507691,37.53075179,1.72103707,8.723251534,1,137.1453707,6.994531135,0.396776672,9.070917495
66.19322644,37.10418312,1.720239832,7.427867239,1.449779838,84.83248778,7.363780085,0.924911246,10.4180204
52.48763493,37.01203126,2.790371896,7.225274293,10,0,4.867102049,0,4.440249784
42.34400538,36.79626347,2.340051295,6.964990299,1,309.947094,4.283841108,0.464076056,10.1283414
88.52355095,36.88918054,2.570612997,9.270961369,1,220.3142542,7.454547644,0.845138759,13.01089781
108.1883328,36.22440714,2.968184661,6.559029831,1,203.3207318,2.579678994,0.524368893,7.096717822
42.02864852,36.09090056,1.668691617,7.567834063,1,166.540366,5.877158582,0.650683495,11.79029722
81.25938473,36.49831277,1.387763265,7.576796853,10,11.79824313,2.259946745,0.519965263,7.473677456
56.98714862,36.41490769,0.914849473,6.747323711,1,101.638286,7.130752545,0.366533324,5.255180525
60.25749232,36.27338598,1.17458947,5.441301678,1,234.1780775,4.483908969,0.051616813,7.388735115
58.15212152,36.84819372,4.949094425,7.984461755,4.155012749,44.87799702,7.537166471,0.541091137,10.09640794
52.72018461,36.9776526,3.244679581,7.408494042,9.73120398,0,5.982825513,0.344878679,6.323647035
70.97043256,36.54420344,0.648925634,8.250360704,1,127.2893992,2.55355954,0.339932919,6.799322682
53.38099767,37.23876504,0.677542043,6.69959954,1,135.8242446,7.849255464,0.400202549,9.187078865
75.40913652,35.92915544,2.481866062,9.331231948,1,163.5563416,8.102490533,0.848972281,8.006120233
68.99523781,36.40317027,2.547264797,6.184839328,1,222.8518644,6.764572985,0.980967508,9.169245905
65.22103906,36.14158884,2.548883835,10.06806043,1,213.7605812,3.47682427,0.543441588,8.475659082
51.84872676,35.56673169,1.745044206,4.878545235,1,175.8769805,4.387972091,0.407046555,8.959250639
58.46457339,36.45865966,1.87454574,8.152155097,1,269.5531388,5.290854435,0.264554717,7.135397628
85.10782452,36.43912625,2.327879524,8.213146024,10,0,3.592579201,0.593708032,8.463461884
80.01834375,37.25672487,2.085893006,6.306664398,1,200.4581814,8.384693145,0.85658112,6.145253989
50.4488951,36.81540584,-0.219300373,8.136590907,1,212.6538363,5.288652943,0.450531923,10.57686725
71.98664611,35.98790659,1.770200369,9.419278005,9.824205682,26.04377139,0,0.024200792,6.731450566
85.02774247,37.42704628,1.148593566,4.174771741,9.725387447,0,5.678711626,0.634009934,10.25769498
36.61189438,37.11051685,2.175211419,8.254117211,3.138773706,75.40578735,4.303685206,0.697079942,7.532786078
80.86720385,36.79104885,4.985259003,3.76009377,1,83.84585575,4.850146888,0.182830872,8.403998022
56.74752482,36.38675795,2.367481665,6.051502795,1,225.3419464,4.262761268,0.535296837,7.010070898
81.41197337,36.02028038,1.686470314,9.943749547,2.167336376,88.54612163,6.614092833,0.590245203,5.968009138
54.73481687,36.31389661,2.921801502,6.62732695,2.900218136,64.36514817,7.239375557,0.48537854,4.510479225
33.90235799,37.04437431,2.482687887,5.739180053,1,88.83662633,5.566106325,0.341845816,5.889351683
37.44915124,37.44229315,2.42009449,7.203093407,1,261.8632334,4.321377626,0.703187445,7.352182294
70.96169893,37.27162176,2.606850593,10.60185951,1,151.3043374,4.91732559,0.419324051,8.423758358
75.19445003,36.25557529,4.056543565,4.752476629,1,132.0748975,5.039199233,0.202962767,10.02075863
51.9136675,35.94019128,0.869111565,5.923035133,1,138.9994501,3.39513992,0.090105103,7.10848508
82.77184918,36.57044312,2.473632077,9.746147525,1,279.2060334,6.157857297,0.752169904,6.236078471
36.76959875,35.61578032,1.07361887,10.28655352,4.045190558,75.08282734,5.920084648,0.623332795,5.114570428
68.67840403,36.66158386,2.555512646,7.344853164,1,281.5508291,8.08088248,0.517594709,8.960127236
45.779676,36.42619871,1.081313489,5.641420946,1,171.0496299,7.510699561,0.411945073,10.76638903
56.96327784,36.26698175,1.582633186,10.64376525,1,133.9580618,3.628650165,0.394200317,10.53266054
70.94797343,35.70264847,1.704910086,9.891663588,1,400,6.640596749,0.28485267,9.419865496
52.79173269,36.75680005,2.975816719,8.518420482,6.297539601,44.43605102,3.098093234,0.413708871,9.277086635
62.30888912,36.23364958,2.918454444,6.281396477,1,114.631424,6.391864202,0.075982557,11.39524756
90.12585618,35.91504158,0.754282624,7.426455989,8.705359921,26.75687608,3.966771602,0.352787269,8.664162923
58.46216261,35.06386889,2.054934111,7.259459878,1,245.2461971,2.953493553,0.437812497,9.292259352
86.71384224,36.48624255,1.290420145,7.996276957,1,318.9188934,5.560090685,0.621976009,7.358432276
47.40586291,37.3861258,0.741495089,9.676502157,1,316.9922781,0,0.492014707,5.275913258
80.59608356,37.33062961,1.78298295,8.819125562,1,272.3948753,1.498048851,0.658984623,6.632302199
98.83137241,36.27145187,1.691517212,5.883935885,1,130.2379532,4.645016232,0.769827021,7.981681923
20.56711,36.19889397,4.426716486,9.564744675,1,113.4759023,5.164883533,0.711634019,8.121570745
54.06209489,36.73438713,2.432959825,7.96969821,10,0,4.26136246,0.594101969,11.85257171
81.54144254,36.00080728,0.622382499,8.530598694,1,353.5873535,1.841127403,0.502372536,8.162554335
65.93909228,36.65089595,1.435225996,9.699811289,1,196.8978078,3.364216316,0.303842398,10.35768689
77.42291747,36.88304014,3.021383295,5.832629626,1,100.8043095,5.782418654,0.64798881,7.129845517
57.92029627,37.11346661,4.088442773,7.446261632,1,282.8056889,6.163563541,0.835949476,7.376648228
71.73179575,36.44992296,0.414016688,6.702818173,5.753760919,52.72354832,4.967553765,0.568421208,5.341984726
66.88645529,36.39816312,0.120075615,5.148210862,1,190.6622034,7.313667562,0.88345183,6.515343974
93.35564123,36.06100871,3.870965175,8.020064966,1,132.7370866,5.794794047,0.194885658,9.053962783
75.08841687,36.08655982,2.389614177,11.26733483,1,213.867714,3.505088692,0.269167323,8.015120361
76.75205324,36.38676055,1.131707268,4.739883383,1,143.6426461,4.438995893,0.671040302,9.88587724
61.76246068,36.68368275,2.534629086,7.451579083,10,4.907210889,2.194267686,0.552858042,8.362507897
60.24787552,36.95679231,-0.635747739,8.460814403,1,157.5576373,4.783722019,0.762756435,7.295092537
61.34883624,36.09841052,2.003375507,7.684617302,1,254.8864142,7.224201238,0.496905672,12.29659373
77.88904285,37.24634428,2.327821173,7.330307921,1,147.0783594,6.370580169,0.326404915,7.812192863
61.58031038,36.3644382,2.92427014,5.551175455,1,227.5115122,7.804018652,0.457281352,10.32600194
75.79549714,36.48931635,0.986104048,7.849180114,6.841419362,45.44705143,4.394229512,0.193463206,7.197581587
111.508016,36.12639416,2.085687161,6.364854034,1,147.3739207,7.692199589,0.274281865,9.419198959
87.42249407,35.28787987,1.074575374,4.215117443,1.202429387,87.54895449,4.613391547,0.6944888,9.856031318
63.47952936,36.9420227,2.255383756,9.291888331,1,224.698084,7.943170165,0.674557483,8.416983941
94.02427844,36.86842195,1.104653678,8.93757873,1,153.1491562,4.956286505,0.572600857,3.291034155
61.83849254,36.35933622,1.591899161,7.577491465,1,219.0073676,6.414462748,0.155784496,8.036504922
29.2375093,36.53349536,1.004184605,7.843612032,1,258.7710426,7.950224729,0.428319285,10.4609201
49.83827378,36.75796961,2.651136242,9.111477019,1,219.1618575,4.613144743,0.255000022,9.054961666
32.58416158,35.71872707,2.858451117,7.836509485,1,177.3118434,5.436777975,0.735306651,8.89167775
62.96973032,36.23547366,1.76537943,8.856026332,5.549067613,50.17877415,7.57772685,0.383255573,4.555486132
70.36836758,36.89713234,2.038237995,7.053776699,1,149.7213889,4.733993672,0.282850458,6.559089859
103.5287462,35.87285529,0.551408585,9.467975608,2.670969706,96.6909598,2.358215435,0.505959233,8.822715262
76.53854748,36.64677897,1.700323352,7.981178589,1,115.5936043,9.286014109,0.371969109,8.820766554
65.61798942,35.8217091,1.949795383,7.791077915,1,112.5465849,4.060471071,0.796748782,10.42933356
86.58811162,36.73321499,4.620793091,5.594908367,3.427310382,52.00744252,5.317512102,0.35303782,7.71026649
25.77729382,36.48217926,0.888032974,7.930433781,10,0,7.312013339,0.220154348,8.811648173
74.71229116,35.69243409,3.464177239,6.252067624,1.533651064,83.18569517,3.783012193,0.069417297,8.032748484
85.41730388,37.08236968,2.996858773,6.54257591,1,169.3379452,2.984264174,0.4938427,6.026114527
40.42827508,36.13270421,2.280636404,6.276936558,8.429231312,15.18229546,5.507474594,0.387613977,3.488417338
92.87508086,36.09487378,3.758620484,5.900647602,1,151.5682236,1.413847204,0.214219079,8.862019384
76.76992815,36.6002846,2.372105473,10.6871571,1,340.0268424,4.424187846,0.737845292,8.347894417
61.69424172,37.07431867,2.389159196,9.497008593,1,252.3056555,5.490077329,0.633449029,6.763649916
82.65563732,35.99208909,1.946879347,10.38055125,1,314.3541509,4.460096206,0.494356424,4.761653887
115.4138572,36.53083992,3.223568882,5.665657471,1,189.1127877,1.913098114,0.772865249,9.259479029
73.6373251,36.71440825,3.096469234,7.606880625,1,266.7509823,8.188355912,0.632507207,7.468159852
74.96441173,36.8465528,1.374322713,5.559738562,2.511277846,77.60352695,5.207076308,0.33542882,9.113749445
60.81278201,36.58822078,0.680752805,6.456457684,1.821424742,85.5659733,7.862304236,0.292155967,11.72809706
53.00311261,36.31648608,1.797019363,6.122809525,10,0,4.4799275,0.663596309,3.717138239
86.60671633,36.08620489,1.199961436,9.35937601,1,268.6145474,3.239976037,0.579273391,6.600798383
52.87832348,36.54307194,1.936475425,6.905655483,1,304.032398,5.538361841,0.533949554,7.581248773
71.43132474,35.96393049,3.237438135,9.102569001,1.064788717,94.68227547,4.568425747,0.330700439,10.90965235
60.44685106,35.03932476,1.542698345,8.406181334,1,124.6048294,2.644477084,0.621589513,4.727193962
79.57959651,36.7182799,1.957176619,10.95545813,3.584306451,74.61378863,7.939568518,0.348900223,11.87172205
76.67324211,36.95196742,2.058022735,5.280833665,1,188.2653551,3.755459554,0.479602669,8.271711803
90.75079889,35.31853378,2.848430882,9.38884986,1,262.4932545,1.31946723,0.789388829,7.807998677
59.79967202,35.99513465,-0.246889334,9.219661306,10,0,7.656332108,0.367833153,7.603880474
64.60250129,36.80957713,1.393299705,6.039931743,1,190.9438531,3.991403968,0.185402149,7.127473936
50.42472568,37.52874773,2.211283692,9.010700005,1,122.3328228,3.784352215,0.289490562,10.09623352
61.1141348,36.51039685,3.200078956,8.004217445,1,161.3394392,1.469224826,0.698859765,5.862958492
77.54600986,36.13599853,1.508097552,7.15878561,1,195.8994002,8.481882973,0.550946227,8.690828363
85.13977233,36.40855178,0.123447294,6.26409677,1,131.1797561,2.421038826,0.474224524,7.231636669
51.55669352,37.18743821,2.619711446,6.421335823,1,139.6413147,5.116898961,0.398181239,6.475733103
87.3921184,36.17701791,1.364637611,10.57471814,1,128.6124832,6.825240645,0.597071982,13.17195035
97.11275718,36.100404,0.810333341,7.501024228,1,247.0316202,5.843433866,0.33017903,8.83810147
78.26869806,36.25862824,1.37565461,8.673195002,1,191.875996,4.880691376,0.561133114,9.226531089
107.5359163,36.0233357,1.815474642,6.313650927,1,172.0583538,1.596668283,0.353749086,10.27555356
54.52421602,36.56133516,1.395255335,6.330220581,8.57461159,22.90482789,3.380550328,0.320468123,5.157300109
45.10690593,37.31233923,-0.205566057,9.122977214,1,112.1420257,5.375600676,0.372502513,11.50458382
34.42559502,36.66153964,2.897066197,5.475635683,1,239.866916,3.42565186,0.424918511,2.982085643
99.92088623,36.37382325,3.274875041,6.877179348,1,153.7696573,5.40671892,0.490234033,6.46246718
83.08731313,36.35409437,2.651521991,7.551041117,1,215.953147,6.363486818,0.547091159,7.081936654
68.88830658,35.7184046,0.86231433,7.667058903,1,326.65118,6.925005772,0,9.16344673
75.59937253,36.94155489,1.798508466,7.231360072,1,253.8606069,2.547641284,0.338469888,8.437436532
47.49021905,36.4610814,1.993478685,8.093729672,1,159.3158338,9.39329211,0.421686005,7.666370519
118.9150396,36.40976004,2.59879439,8.539283634,1,98.90108298,6.534958689,0.801012408,7.976005311
72.58442364,38.09655378,2.668340489,8.601956318,10,0,4.996571693,0.283999478,6.043953953
72.18789589,36.64937645,1.265826201,6.021294287,1,133.1615078,7.179073166,0.532559324,5.005535211
84.51533248,36.12410447,2.081995556,7.073767353,1,117.3987504,9.730815544,0.799006062,9.453023245
79.62018463,36.2868212,2.457280405,9.292144293,1,189.0366194,2.122559798,0.237406294,9.387412225
74.47768049,37.07422285,3.455822322,8.841970781,1,134.6094773,4.549474715,0.578795045,11.16898875
54.19051089,36.55663521,2.70450654,5.440710823,1,117.9614941,0.24313668,0.339545633,6.419965806
79.42936714,35.78086101,2.789056687,8.027219851,10,0,5.385303065,0.399073252,9.385630421
107.6404899,36.95961447,2.083826628,4.532662126,3.901717002,56.00321708,5.730788484,0.339377833,7.432586543
96.90840092,36.16592796,3.410459145,7.570402353,1,197.6651041,4.921675769,0.353628538,10.38094997
101.8637325,37.43664889,2.409762796,10.34665053,1,321.5907631,3.690932858,1,10.04392555
59.77568647,37.04002403,1.13891209,6.078160924,1,140.2474616,0.900970968,0.668891174,8.422418798
50.20790359,36.27633905,3.40336997,6.248515432,1,182.7811074,5.747067367,0.720347572,7.320939687
67.4842616,37.14050818,2.697903273,8.646044672,1,245.2478157,7.910868968,0.598398697,9.921864357
71.11449825,36.53392776,1.556955979,5.185797727,3.533233752,68.91060638,3.817963089,0.178748642,9.293809047
91.88383037,36.92638684,1.520507033,6.550867455,1,186.6814043,5.880119858,0.578991594,6.631119196
36.15070741,36.74236641,2.296575545,8.394661706,3.544976567,75.95098937,1.863711373,0.714585923,5.344402653
100.5910064,36.07682167,2.463184795,6.548571228,1,236.4824438,5.914426127,0.329320105,7.422934199
66.83984203,36.17822508,2.197292266,7.146045019,1,165.1403048,4.213235405,0.693065333,11.03082763
61.4623786,37.01498041,2.311308673,8.616278565,1,179.8451814,3.475164099,0.640867242,10.29297432
49.75791249,36.33261233,3.699957375,8.132319125,2.784644476,71.74014026,3.479272718,0.870408009,5.775345061
36.90286656,36.29817577,3.071543152,7.900227594,1,220.703236,4.212776836,0.416443397,5.664485168
86.46341168,36.02243871,2.190635591,6.991316581,1,358.4712921,5.764866631,0.280477804,10.5493677
71.46635934,36.71179953,2.941310581,8.055091673,5.836017257,49.20883046,2.375673598,0.427674378,5.72872819
44.20078201,37.53126246,0.967476096,7.31440098,1,116.0240992,4.205769337,0.787114199,9.018590647
44.09842456,35.96623354,2.39792705,8.186708415,1,173.1607474,4.917056444,0.134318824,6.767857569
63.28430601,36.51210973,3.80930635,6.754601962,1,228.6406212,2.801921551,0.086324857,11.23408985
103.3804305,37.20611028,1.781954105,7.226146538,1,94.04537147,8.593330403,0.517879056,6.459150402
64.80817297,36.4601793,1.152366071,6.015063311,10,0,3.29300904,0.411482141,10.28672306
39.93714094,36.7261859,1.347911111,7.447488585,1,285.9189494,3.661126173,0.501545579,8.369717308
65.08513872,35.96880324,0.910366963,6.283498705,1,226.050612,3.0433841,0.689062354,8.504389708
64.54552861,36.71415355,1.215238092,5.828930325,9.726924951,0,8.596960174,0.389486131,4.059382837
16.06226714,36.40642787,1.629491901,7.887991722,1.843477975,89.24312082,6.105810457,0.125398834,3.594173294
68.91410267,36.992865,0.594432981,7.819109664,1,306.818243,3.126815988,0.908896311,7.558868119
65.3813094,37.09369303,2.015618334,8.674310602,1,294.7796418,7.212463118,0.300554343,8.493812127
83.9241273,37.79478182,2.902277174,6.853311646,1,243.8640023,5.401397389,0.288192576,5.749604345
106.9791219,36.78981659,1.09224382,8.11207927,1,132.3887566,5.514506842,0.720744003,5.822613179
92.53130059,36.66289816,3.519283924,8.326196358,1,158.2987419,4.311045582,0.423102176,9.12294526
64.62222619,36.59719215,2.510792089,8.167160712,1,136.9074195,3.501168026,0.48732203,9.125708961
47.86948183,36.32341685,3.030580586,6.261519476,1,262.8239783,5.675532198,0.596558025,7.724517879
121.4671961,36.66924192,1.342165446,7.724045223,4.764231491,62.41575935,3.90982554,0.716716621,9.560403442
71.18436868,36.35229929,2.854525227,8.046210444,2.601240886,69.42003451,8.633511259,0.433307861,5.651595409
70.27858584,36.58423049,0.9080661,7.5107677,1,251.0274587,2.46141779,0.803990401,7.288130166
69.51749826,37.15879877,2.890247501,4.370283512,1,145.5638544,8.072313546,0.07284003,11.29575521
73.96169522,35.99672872,2.17183934,7.740734436,1,287.8467355,4.777362302,0.651957447,8.13664426
67.11279176,37.06993928,2.55325122,10.81879656,2.89845389,82.8487793,5.598171468,0.332094488,8.252625029
58.52675986,37.15855753,0.824405394,6.959941097,1,144.522164,6.666315533,0.774454263,12.61189317
59.06282118,36.44096574,1.104930158,6.407884353,5.081925346,57.75870152,3.73950141,0.528408896,5.201315668
69.3449346,35.43907255,2.597228218,8.06002284,1,150.7362681,6.728496769,0.365418934,9.592860733
59.13150458,36.19608901,1.051651996,7.968567316,10,2.1453063,0,0.632568219,11.32797256
55.74308435,37.14849727,2.463206292,9.289102748,1,101.2366579,3.560020934,0.678637669,7.350284147
72.12860455,36.48856597,0.632862194,5.613197766,10,6.374613507,3.151874385,0.628378825,9.719261574
64.90045565,36.00034888,2.848174213,8.597070379,1,219.3923233,2.492987975,0.294060752,6.035961006
100.0798598,36.24761254,0.767476685,8.385633092,1,221.658934,4.570090324,0.403196575,6.626535209
16.98060383,36.92031001,2.552299938,7.286780195,10,0,5.771499936,0.499185433,8.769932832
91.83013704,36.77336678,2.625630934,8.008030977,1,283.3885746,6.405319997,0.491748069,9.597133346
94.92170385,36.38053395,1.303228182,9.044186222,1,399.7415126,5.481753514,0.649949095,10.24187302
28.53219535,36.31658779,2.582026567,8.80847307,1,154.6006387,3.66861307,0.097019753,11.13925717
63.14624812,36.30412093,2.260442263,5.785471032,1.0855235,85.88857398,5.738032876,0.566865411,7.865106883
62.57118268,36.03879491,1.461158144,8.73023728,1,400,5.24857139,0.442003729,10.38722351
41.84976611,37.30768784,0.991445316,7.402967092,8.874280047,18.10315017,6.872112336,0.332299877,7.315390313
54.44366625,36.33883977,0.037374308,7.609311147,1,152.0106467,6.553873406,0.351502644,9.804182623
47.78848309,37.10857926,2.349650047,7.609795487,1,167.9622273,5.060952828,0.457092467,8.414977596
105.0454089,37.26065803,0.435197229,7.274635517,1,284.514762,3.205493988,0,8.891355814
88.71356786,36.99915545,2.095344199,9.287561246,1,185.9738975,3.694099688,0.359742086,8.847015748
95.4311019,36.28418984,1.736551784,7.37442306,1,100.1366104,3.900421281,0.324837035,4.79058998
84.43344128,36.70186505,2.679142775,5.820680807,4.241304771,54.88156296,4.369467332,0.606556642,5.751756282
47.41896458,36.4879022,1.697954501,6.909705216,1,115.817818,5.536100855,0.338894663,8.20508288
59.50959467,36.04814907,1.670552214,7.768042075,5.549851749,49.30726391,6.43034878,0.45697724,4.625441841
79.78749122,36.66217964,2.731870704,9.343822176,1,154.782532,4.897762614,0.808455326,9.662422206
45.55744382,35.9104801,2.335058029,8.404642027,1.139940325,93.58038201,5.032249576,0.698870304,9.743111933
84.2599686,37.09383969,2.316155957,6.224197082,9.752009417,0.596220671,5.28661261,0.68045428,8.654341106
65.19349204,36.26769135,2.46926759,11.22778488,1,275.5145788,3.968189374,0.400025514,5.757731974
62.50358385,36.60057983,0.464427877,7.897162966,1.679513861,100.2327477,3.149215485,0.608606456,10.76027788
84.21919936,36.64164394,2.75678868,9.413086107,9.102464481,23.1863195,1.489124205,0.45322044,12.07442128
78.88526623,36.37054751,2.612468794,7.27242835,1,133.1740866,3.609701284,0.460781358,8.294153655
62.78067668,36.7933469,0.983316871,8.300038867,1,156.8371566,5.946290907,0.581937069,9.021070757
93.18659607,36.26254817,1.755919526,8.759202757,10,0,3.594177124,0.380601282,8.40347731
48.37873345,36.93564865,1.960692712,9.327292068,1,183.1647667,4.524385925,0.798600621,9.060738378
82.31871214,35.82701016,1.865503216,9.086052458,6.344080316,45.28424313,5.932862575,0.467973972,7.760882487
81.86202516,36.56318979,2.333859967,8.8082955,1,321.1028809,6.041378993,0.623672113,7.93087152
63.80907121,37.4694645,3.431366782,7.027369903,1,202.3960512,2.840934296,0.791120096,9.811435201
76.52266044,35.99983434,3.081766728,6.642380937,1,110.010001,6.994118713,0.706330755,12.69124832
44.97772847,36.16112751,0.687780807,7.998911265,3.447412554,75.48322297,7.254700179,0.218216179,5.199857531
88.48054038,36.75695392,2.62206999,8.899692109,1,139.5032292,2.740300286,0.588979179,7.792375031
66.30195727,36.58979089,3.32893332,7.165918949,1,211.2790742,3.352326261,0.670143879,5.63907903
59.54553959,36.67531505,2.386808521,9.097757949,1,147.4505871,7.382181366,0.678372604,11.1840498
90.98018452,36.74459357,3.090980425,9.678925118,1,128.2841193,4.706292957,0.277341033,6.824524061
55.91312619,36.81736073,4.012270446,6.125518621,1,155.8370291,0.560444105,0.368592953,5.113598412
41.83077407,37.05484992,3.023709546,6.244618944,1.110537001,89.61410688,2.200636991,0.698911647,9.276373998
38.86741653,36.70490933,2.249308596,7.289437412,1,115.6794073,4.50126075,0.347647926,11.48862223
82.12019903,36.37937117,3.045088474,7.961419002,10,0,2.673914699,0.440060789,9.327195737
44.39141295,36.83628685,2.144887833,6.713149479,1,247.3726231,4.173152459,0.815175162,8.409595755
105.0958836,37.44994097,2.023903043,9.528304018,1,179.879778,5.064792427,0.49044015,8.818281846
28.36141184,36.43368313,1.648585764,8.136100292,3.088871218,72.6544156,7.924509208,0.354645172,10.82968133
103.9291274,36.01273535,3.563413359,7.559170572,1,339.8734981,4.419092168,0.324476529,6.25160146
74.22034934,37.05354033,1.181571334,5.346135714,1,158.701648,7.145083599,0.566543866,7.776305792
68.06573776,36.43980942,3.532367725,5.526276275,4.064945476,46.3856428,7.857520324,0.233370398,7.094619703
59.10161826,35.41366523,2.499864124,7.921513875,1,235.6737421,7.868619339,0.450532807,5.664269385
77.98272229,36.92371084,0.600693825,4.301106561,1,189.8048217,5.569509187,0.566646107,7.343249481
69.24730595,36.23233591,2.367649293,9.018956114,1,189.4579985,1.073421704,0.759829964,10.21544219
92.06603764,36.45473336,-0.100026508,7.262769233,1,107.4244395,5.921649731,0.633509616,9.133204297
72.28455297,36.66599017,2.625508017,12.36463945,1,195.0495724,7.096799776,0.357186976,9.288621
73.00603523,36.59524984,2.885231483,10.96187438,1,123.824171,4.837865789,0.735683864,8.292951223
62.72775576,36.85472591,1.407644044,7.227826396,1,205.5941452,8.48916774,0.440096992,9.046647565
68.86108753,36.28225681,2.123547696,7.340494496,10,0,6.719667123,0.252859396,6.398819315
76.15603538,36.7565529,3.954157434,8.993372271,1,106.6126537,6.136546754,0.465591728,7.380980228
35.79663215,36.37022666,1.494253296,10.05475891,1,322.2155098,7.172761422,0.78763384,8.384008474
43.03629156,36.86940524,0.941092413,5.042956414,2.813143326,73.29325446,5.666739703,0.53304801,8.555031718
84.86528188,36.80768374,3.481663402,4.820436802,1,89.61617025,0.014379001,0.502504373,8.64037571
73.41730876,36.03228065,3.962587191,6.566947792,1,105.2038662,4.001722097,0.827442329,7.723329436
66.32033327,37.04299106,2.003695672,8.374106375,7.572713709,28.51938641,7.394336054,0.213729031,7.245153198
70.36867866,36.23201828,3.011463035,8.245310386,10,0,3.38481732,0.242880177,14.31554257
76.95163411,36.9040289,3.341475916,9.104657182,1,126.9413601,4.55305499,0.176830706,9.813574546
59.20480639,36.68364366,1.257515767,5.700453707,1,163.5859424,2.910327372,0.574529637,8.826294952
54.43390549,37.41909184,1.514694165,4.025784206,1,144.7494931,8.56784519,0.533298625,7.533583004
73.9169051,36.38826701,3.230874513,8.787021293,1,135.5121438,8.362984915,0.808547273,7.097562346
50.43254445,36.3253416,3.685014279,6.257705591,1,154.3040871,3.23226221,0.548695015,7.738398813
78.16505511,36.4902902,2.56288086,4.472268203,1,252.2841472,5.294596001,0.419168568,8.585657687
35.94832792,36.34841011,1.120185646,7.717595619,1,130.9553814,3.639011904,0.500358975,4.239128912
90.58311275,36.89997095,3.987061112,8.689763532,1,92.59174229,6.229889278,0.523541484,4.861220809
79.45194965,35.6918447,1.469029102,7.316914302,1,121.8874515,6.019366154,0.165647745,6.726235222
75.12059469,35.97315879,1.664862219,6.813227421,1,207.934676,6.623411143,1,8.414278874
89.65381968,35.96609854,2.342337834,7.260956652,1,291.2026879,5.663836895,0.603974204,7.521453706
103.3094889,36.9751538,3.554160421,6.944125856,1,87.18562608,10,0.542001662,10.95624245
90.2874013,37.35530669,2.853975977,5.477929332,1,159.8933787,2.94415247,0.623032797,5.035206426
33.18251537,36.44777539,2.4148655,6.427978985,1,183.8357442,1.578793291,0.641882196,6.497309061
44.40846067,36.41558914,2.46328853,8.281919858,5.600003188,50.74219933,4.213819599,0.471889303,11.04018348
57.50362845,36.53502608,2.043514669,7.982517812,1,152.0417167,1.864023469,0.373751773,8.262238649
70.521821,37.08093915,2.558139515,7.752089709,10,3.432614266,2.01507546,0.619890137,9.769685166
80.35318041,36.03632343,-0.529560078,6.007277277,10,0,2.997370692,0.577142168,12.10249389
55.48512374,36.61918449,1.703392541,7.227745257,1,186.6746408,3.155622189,0.33802198,6.612391164
73.73533529,36.98759881,2.241321935,4.23440243,1,111.6125259,3.090763796,0.783807122,7.801371324
54.89234135,36.75054708,0.848985916,7.767714996,1,170.2280408,6.036437901,0.558670407,7.455146198
57.76964394,36.59479081,2.386323318,9.643286562,1,148.2105023,3.987621878,0.645963872,4.090813991
41.86677806,37.00052305,1.795528779,5.288801802,4.635490379,52.35999513,4.64097085,0.778384178,7.379206392
51.53533508,35.14838385,3.755475698,6.62110849,1,145.4745698,6.788465549,0.504377764,9.762124375
42.96630789,36.83893766,3.573019725,7.993660168,7.467435047,26.6898695,3.46735495,0.563390401,9.081179084
50.48253494,36.17296216,1.534194431,9.379263952,1,289.0972358,4.470908203,0.662005448,9.238166339
91.07283593,35.58468355,1.849162288,6.827663076,8.859603341,14.40296551,5.731519972,0.355027783,7.248982039
51.01202222,36.7556013,1.926052434,6.461624506,1,130.4214729,1.116864399,0.510810333,6.687805528
122.6476413,37.18682927,1.548340524,4.546615286,6.203937549,45.7728412,0.230188982,0.525109717,10.53851134
79.86635802,36.43127574,2.195024984,7.655157194,1,207.0421173,5.692234658,0.30878829,7.005365707
73.69672247,36.97643727,1.241717931,10.56311406,1,116.8568629,5.984028561,0.963527358,8.588164078
52.8328444,37.30613913,0.869384665,7.916037693,1,98.13332804,9.12844027,0.218541311,8.326669361
84.00619759,37.15745723,2.622711224,7.466581531,1,235.3201545,5.316189752,0.240379219,10.92343403
58.48724348,37.31998226,2.629529584,7.983123466,1,152.9430592,6.639479435,0.762845315,9.942824715
72.44019629,36.87106375,1.19568424,7.483361994,1,201.6644446,4.609054713,0.64265325,5.409482759
121.2016908,36.53771682,2.895355431,6.280478442,4.483430775,51.86740635,5.594454443,0.294807037,5.624893666
68.07880201,35.69901709,1.368422271,8.734919874,9.506802628,9.518305607,8.334513683,0.621457803,9.157819636
92.98546653,36.37696876,2.253165238,7.838642285,1,160.7207962,0.752014364,0.793570089,7.871324705
55.9364715,36.0783767,2.820344013,7.526419878,1,118.1153645,5.827232515,0.493947388,7.089656432
69.30023019,37.58547136,1.966387435,6.036950959,1,212.6434672,9.27117346,1,10.03125577
105.4160127,36.41205709,2.454740912,9.455261898,1,142.0091547,5.564068438,0.155187638,8.374918764
57.46065884,36.5616024,1.483570356,8.497054118,1,170.5075339,8.301145926,0.638764691,8.104914774
106.2489712,36.77574269,1.803533417,6.670618744,10,0,3.741575701,0.733305667,9.559657282
84.15503871,36.52180122,1.794140569,9.002737281,1,338.843694,4.935905012,0.67826878,7.24978201
58.75066448,37.34752552,1.253421653,6.753643742,1,133.5758015,5.067049405,0.459128855,11.13703797
82.64815478,36.18867532,1.823225837,6.326994761,1,219.758697,0.564817841,0.441911704,6.423904754
89.45108899,36.59730373,0.451381701,6.360445324,4.716216063,66.39083298,2.663644344,0.588829034,9.313858133
82.43619924,36.12876471,1.508846253,4.84339717,1,180.8009902,2.806249841,0.663150897,10.86766568
38.5955056,35.83998874,1.715124507,8.207313571,8.494005678,19.71552365,6.644132156,0.620494687,5.245409021
55.45725648,36.19411545,1.743820248,4.753282682,1,195.2067838,6.744306211,0.708011578,7.313329648
65.04962729,36.4814816,1.758502554,5.657334253,1,114.4025916,5.648072885,0.296226009,10.28441479
68.51133142,36.28534889,1.9382358,4.386617986,1,152.9190504,6.648205794,0.454445804,10.3144891
82.41344195,36.15378951,2.479441518,7.370895461,1,219.797403,4.671701175,0.311996814,7.657008799
73.55402002,35.79684127,2.874517074,7.27451931,6.878338978,26.74596888,7.403863339,0.422777445,6.530657813
43.29311283,36.45844721,1.350234773,7.00995568,2.417749157,81.55082694,5.017576885,0.703044178,9.911871645
77.60395702,35.74763981,0.796799145,5.936133458,1,195.7324281,5.115728095,0.521596784,10.36709821
82.21171491,36.88002798,0.957955588,5.74164937,1,359.8221475,4.468814733,1,5.670673303
81.19580896,36.54121988,1.512797079,8.196554795,1,136.1917665,6.368900955,0.538681273,5.592172702
91.61561451,35.77122425,1.648078682,6.674172102,1,209.1136118,4.157602367,0.511938376,8.450513364
86.67844309,36.34539546,1.230003934,7.974537482,1,139.302853,6.952862754,0.521236584,9.258721267
79.18360158,36.1239218,0.703883336,6.172126971,1,344.2245595,2.735701719,0.372438261,7.40186183
68.59668577,36.65958726,1.543879173,7.771594114,10,0,2.802167491,0.488432678,9.35858764
36.78078133,37.17022522,2.18142662,9.454917056,1,159.4621045,6.37485351,0.725557605,6.579726786
78.59236438,35.56241377,2.595029466,8.379248701,10,0,4.822911571,0.522794134,3.770612802
74.15375374,36.55751304,1.442576947,6.881379273,10,0,4.092217168,0.341308054,7.152197855
75.43157674,36.4199336,1.587002178,7.885798456,1,179.7462053,6.780115465,0.314983076,8.126464293
44.46502848,36.83567004,1.073301691,7.139002238,1,163.9497796,3.785477172,0.409959622,7.44832008
48.37886919,36.60659831,1.96856083,7.511820277,1,121.5163062,4.599597491,0.514772687,5.682793473
91.06305707,36.12401533,1.151571366,7.011583422,1,139.380591,7.7984559,0.738717307,4.368702048
69.20889692,36.34047303,2.573127813,7.253497191,1,400,8.078284692,0.231902272,6.971822391
83.63001395,36.10198707,0.214133508,7.81814003,1,124.1824862,8.144796421,0.436034744,9.795311543
70.56636752,37.03800357,1.640370328,6.009961951,1,201.0124361,4.435748446,0.528862004,10.51239488
70.59512279,36.51065582,2.301107339,5.97618176,1.077038469,85.06351804,7.46140581,0.133258846,10.37542677
88.76567612,37.45059534,2.183834516,5.417186169,1,179.5232575,3.102094344,0.333280343,6.36818093
59.67910544,36.46966959,4.693033664,5.099593343,1,126.1766325,3.186194251,0.364022292,5.692587353
71.92241554,36.14579662,2.349800025,5.674075962,1,108.9481517,0.299088295,0.340805925,8.99326923
60.75449423,35.7431428,0.995945403,7.73919376,1,331.8898532,8.345736404,0.538377909,9.270200023
61.31007545,35.59843016,1.904535753,6.160818727,1,267.7184963,3.272040302,0.467888078,8.80033921
63.81655753,35.70793203,0.223753667,8.270421696,1,163.6746647,4.746934841,0.388942779,3.971873452
74.44267543,36.63356333,1.919400251,7.552070623,10,0,3.179351316,0.585592525,6.26623083
60.42502757,36.75436251,1.166943943,4.54724368,1,113.8990777,6.390330497,0.844614944,7.940622419
95.11512251,35.70940465,2.915390276,8.482463376,1,400,4.248732679,0.827851303,8.974436389
52.10785396,36.94751916,1.450459725,8.716197968,1,126.9338333,2.390366219,0.115445646,9.534614725
66.26256712,36.25846947,1.883234084,6.009205988,1,260.3217572,5.883325128,0.615414437,8.288507045
61.20537883,36.57339651,1.364442159,8.130287314,1,294.1942402,2.13253995,0.464395342,8.661567613
98.93955769,37.30611031,3.738851352,6.215252644,1,171.8963916,3.325188549,0.531031069,8.169730917
73.93109553,36.94841966,1.678757234,7.646505565,5.00537332,65.81783681,0.786221771,0.420343393,9.371238748
90.63689079,36.36573468,3.832557043,5.60325239,9.572521577,0,2.152083776,0.523517726,8.625731303
40.28879254,36.05440389,2.814151762,4.810340321,1,218.4163209,5.357058339,0.530281479,8.13147532
75.34100532,35.4240923,2.482066727,6.925774216,4.07796852,68.52439972,1.070927924,0.384209649,7.463262402
87.79261591,36.14042334,2.368733147,7.314406581,1,167.6150452,2.037708551,0.32072649,8.16258285
71.64567979,36.39443488,2.393797298,6.90348046,7.668166019,25.01796604,4.995262168,0.410260863,8.969182758
91.3096075,36.00641024,0.072327421,5.723954163,1,123.476246,3.912786208,0.546851853,8.534950778
59.654231,36.43437152,1.721116606,6.900151407,1,153.3719055,8.984073272,0.619799268,8.761652837
98.1869488,36.53842594,2.845157971,7.903942129,1,176.8593581,8.667793092,0.670669795,10.68544372
115.9779625,36.38757201,1.951102817,7.432660455,7.049056589,38.51778126,3.264155074,0.401161995,8.530327845
62.74322879,36.17499871,0.594810153,7.773751546,1,269.6910949,6.114275237,0.556768913,6.702002959
61.08994957,36.58432734,1.947595549,6.494827199,1,90.31052153,6.498565114,0.692500518,9.767213572
99.06768954,36.72097032,3.704105516,9.257576872,10,0,3.805042284,0.733118979,5.267603325
101.5914429,35.95480046,3.246891716,5.735739995,1,139.097658,2.008916927,0.488233429,5.837173239
59.54279946,37.20546619,1.937995991,8.231340446,1,153.4375309,4.975403101,0.455813655,8.671694529
61.59626366,36.45070593,2.951449277,9.272836639,1,166.0589433,4.65430865,0.538224847,9.032793336
64.36430782,36.50942481,1.63349298,8.221362139,1,286.2132404,4.128471006,0.270058505,5.509897553
43.11098978,36.85410721,0.296128413,7.196213659,1,126.3551163,5.884633736,0.461278098,7.234365038
51.62696107,36.61660807,1.075534012,6.70755443,1,138.0380376,3.498540786,0.64891728,6.787832336
49.91718466,36.97656832,3.562888769,9.054131477,6.613243177,39.68156188,2.696004905,0.628389426,7.026647354
54.6440487,36.64356208,1.726006918,5.365537612,1,232.0553503,5.218165941,0.445946479,9.887195553
69.30630225,36.19378131,1.756616021,6.044813609,1,168.4309064,5.771940185,0.54354364,9.413010927
74.68429465,36.68075176,1.700161804,6.903663352,1,107.9972273,2.646710112,0.335069932,7.96175564
101.0100099,35.9281369,3.90413659,9.356480636,9.663290437,0,6.856181222,0.64069843,6.908076146
50.03291919,36.55427985,3.625958915,8.069651454,1,294.4412195,1.459037724,0.484435713,5.30070066
89.68644797,36.483385,4.218780233,6.047931362,6.490629465,27.23200355,3.843773083,0.44480971,10.84036988
65.72022312,36.39594157,1.84095479,7.034538442,1.49204003,90.87219906,4.483982928,0.427655233,9.184227801
69.01072581,36.43573124,2.295624489,6.578515284,1,185.8344511,3.727552575,0.487421227,6.586661792
83.49638984,35.55907548,0.483357451,6.435316512,8.175307468,30.34420714,3.869879053,0.410424471,9.439198995
47.54555957,36.22563755,3.476934426,8.968334338,9.322886774,0.649022175,8.742148965,0.631628607,7.859552759
77.64819492,36.54642245,0.832220449,5.442385306,10,0,3.298231822,0.42094329,7.42578099
73.32904416,36.5799282,2.216775564,9.913171284,1,222.0996953,9.882443445,0.818592819,8.870423057
79.84902528,35.98616243,0.902697472,8.742344535,1.551845309,95.48137553,5.874253559,0.793042101,6.5170035
75.78337288,37.13285392,1.411133173,9.136292506,1,400,5.184110275,0.321691302,7.312486961
119.1060028,36.06691258,1.162737569,6.805590732,5.456392523,50.56449344,5.952480707,0.513940854,8.242922128
57.24520031,36.9847286,1.392124739,7.275088921,4.016040203,57.85489766,10,0.369868676,7.001097614
59.3800609,36.71359718,1.460877297,5.350272278,1.208674696,93.46070297,3.012813992,0.434670487,9.338170421
57.53718947,36.17688635,1.451731205,6.713006389,1,174.3134655,2.759164162,0.900485494,11.73813301
58.89045762,37.38765545,2.833333912,8.240482271,1,102.9796661,3.490267607,0.438485717,6.491403735
57.25225745,35.90318158,0.895137207,9.444094593,1,211.2332214,5.064286294,0.572045207,4.669749407
93.78033062,36.95957709,2.220541427,5.839264775,5.313568939,52.141161,1.54845775,0.608264259,3.996519665
98.41008496,37.00029116,3.217959152,6.951741095,8.633587178,11.84082815,5.044678479,0.299874126,7.699063717
58.58507413,36.1646899,1.486803635,7.27305117,10,0,8.387094267,0.328980905,6.67367082
53.35288854,37.19623265,1.282081109,5.406316197,10,0,5.302814781,0.258795526,8.415721002
79.42831113,36.37497674,1.769475375,8.387023863,1.267730923,98.19309805,4.414629082,0.322805853,8.265195344
58.95553911,36.64434681,3.179725208,6.414014502,1,119.9019688,3.763679103,0,4.793566307
82.65863636,36.63016092,2.194107631,7.206914473,1.215527879,86.85629725,6.797023409,0.60891648,4.370232341
74.05846042,36.43284563,1.468785705,6.822075942,1,274.3405797,3.348334454,0.910838768,8.591866481
39.6851177,36.90540414,2.483876651,6.315992241,1,272.803021,8.692791841,0.529564148,8.270857669
100.950104,36.89674436,0.89770785,7.489432522,1,116.5197013,8.866719495,0.216746228,7.148364003
105.9175535,35.62573401,2.68135951,7.176585632,10,0,5.513501597,0.371444723,4.68571283
57.74422619,37.15217012,2.408607308,6.942213177,1,93.32948919,4.976969824,0.408224631,8.942782526
62.2459688,35.66875401,1.692191529,6.407307567,1.013804999,90.01786061,7.061319616,0.296483045,10.54379909
75.71730781,37.0162731,1.161414202,7.979287006,2.110490959,84.28650377,7.189597004,0.672036528,8.55596488
76.6891358,37.06335257,1.113319078,9.980425903,3.906027959,80.22810961,3.388016538,0.662052009,6.305052219
83.17088545,35.95451678,2.534817336,7.709830849,2.156336776,84.65371043,3.946889734,0.268909641,8.089104331
110.2040908,36.29459286,3.228980502,8.994177322,1,111.3458384,2.355305131,0.645016209,5.267771838
66.46105545,35.94714767,1.362692253,5.414667112,1.232157754,86.44589012,5.818129877,0.805362533,10.11592143
54.03405511,36.39253948,2.458386704,7.736642159,1,170.8322509,6.333255767,0.880511641,8.163688669
42.41361544,36.34598286,-0.087027019,5.853947522,1,186.0368716,2.300148724,1,4.463686176
55.3813992,36.88983027,1.415382269,5.284612609,4.506422347,58.93549128,4.08960219,0.31960147,7.398651279
69.33746054,37.15515437,1.968941067,6.390942889,1,277.1065326,2.305492165,1,8.92660302
105.8911573,37.19784191,1.090316583,9.287849002,6.68675999,51.99376982,3.20240038,0.429158722,7.333904758
59.64777402,36.21891599,1.063493625,8.925023743,10,0,6.10203412,0.381506909,7.448208557
74.47575903,36.39538906,1.332220444,7.864507083,1,188.0778071,3.533035867,0.565414475,5.551195586
69.67154208,35.6582809,2.292192728,5.20094916,3.016806244,68.25918656,4.398348088,0.383587733,9.133081974
93.76786547,36.09706497,1.812670982,7.205579023,1,182.1291471,1.745376544,0.579808828,6.7030616
120.5386485,36.98242582,-0.238231233,7.952550013,10,0,5.373980419,0.235984562,3.687109246
59.38262454,37.30779141,-0.120700153,7.763304344,1,289.2455941,4.91145336,0.45224948,7.257485259
60.21121115,35.88282556,1.393134822,4.734309625,1,217.2293408,3.5420815,0.757116447,9.962299431
90.88321754,36.20376787,2.457686586,6.164523228,9.951825524,0,4.621971405,0.488587742,7.226141107
83.63782979,36.48679712,-0.747504843,7.403883354,10,2.122287615,5.360589761,0.528319157,11.47596997
106.9341465,36.64008058,1.500269824,8.304436364,1,317.2265904,3.370263702,0.595051721,8.857935897
81.67856371,36.09519824,1.473752143,4.205808268,2.622104298,76.26200965,2.047474912,0.734132326,8.677516325
62.81415818,36.71203052,3.388337778,7.256814037,2.518016507,66.58151513,8.611148865,0.168955058,7.743203468
81.81309661,36.26308033,1.614978188,7.714573155,10,0,3.733454591,0.61690481,7.863427584
92.17407161,36.49277386,2.382988985,8.774417983,1,114.9221794,4.806479794,0.446372172,7.47315273
86.40964362,36.77314212,2.14125714,8.539286376,1,127.2280385,7.02167947,0.533327579,7.395461216
80.14548062,36.50321113,-0.13056648,8.373856978,1,221.5493097,10,0.711990034,9.061734324
91.33349379,36.28180705,2.768207217,6.30008924,9.363920691,10.09215718,2.5110271,0.26116267,6.12833754
93.38591181,36.4451951,2.215396505,4.637996794,9.455034344,0,5.899654427,0.297471112,5.848212343
97.64317982,36.45581852,2.50826864,6.910420864,1,195.0962635,3.584895429,0.112914008,5.753609898
82.97419775,36.31499449,5.926237706,9.002447738,1,250.6730071,3.922419391,0.390168212,12.0913091
66.65763839,36.37060197,-0.084112939,9.590181791,10,0,3.559575958,0.766086469,9.060685803
72.93427373,37.29932359,3.72469665,8.565823653,1,258.1514086,2.748690064,0.475882562,8.608984403
94.13017933,36.78045972,1.712552481,8.144011234,1,153.7541841,4.917417276,0.231975021,5.884970659
53.66128658,36.35225984,2.287328904,8.069459473,1,259.1805339,2.050994626,0.402864251,9.246684601
77.37346618,36.8484772,1.954487755,6.66582188,1,142.9779638,6.893615133,0.202427659,7.766857307
62.13322375,36.33309026,1.575763667,7.30490956,10,0,5.110005872,0.27496278,8.428337882
70.57489646,37.08656232,1.430167072,10.00360429,1,134.8032618,5.844869946,0.577763782,6.046759368
95.56903725,36.6848211,2.329508736,6.086162991,1,256.0143819,4.067622776,0.265225335,8.320537715
73.82198136,36.44634893,0.482826303,9.922168186,5.958315638,60.62539809,4.265592132,0.722526861,7.152332924
70.92873096,36.72385846,2.750579168,7.016957768,1,111.2035031,5.57512781,0.485775942,6.468777686
42.80287718,35.71456192,1.583805595,9.488148164,1,132.3866496,2.671898735,0.517118941,9.468212672
84.92507132,35.93661627,0.869930661,5.389777486,10,0,4.284019131,0.444325406,4.924584383
82.90968362,35.9030375,1.549987142,8.378856302,1,317.1347575,3.280772972,0.654569568,9.129552529
113.2650945,36.57147155,3.257149217,6.394844796,3.831547165,59.86243201,3.218862379,0.656631978,9.368972267
63.8444353,37.3662575,1.464664913,5.377099212,1,200.5735432,0.780323519,0.56701087,6.240712649
74.38300655,37.61565007,2.358453618,7.827801064,1,141.3298864,7.678653179,0.612957821,6.359343078
74.98767367,36.81902555,1.269043724,9.014207683,1,275.7619056,3.626922494,0.457582066,7.553948637
101.5490656,36.75042224,2.75792185,6.232587842,1,190.6056122,7.32675211,0.608440601,8.564072421
68.09408935,35.59947113,2.685507739,5.251476059,1,126.5075728,7.137584643,0.432424445,7.694290016
75.58043052,36.2286631,3.848608833,7.362232853,3.983693085,60.64849075,2.428000587,0.500446324,8.86712492
82.15793019,36.10610812,1.824436055,7.368847007,1,229.7850701,2.823177529,0.44507125,11.52595931
73.73218246,36.1895762,2.668654805,8.322479441,9.458138284,0,10,0.408556292,6.984566462
61.07132771,36.41592809,2.09806754,8.924391857,1,214.589042,8.501851884,0.36217764,4.569640059
73.88179986,36.26395471,3.295871782,7.410877228,5.781613188,40.09552484,4.936962973,0.593538021,9.651847166
91.472635,35.51035009,1.281167612,10.28325497,1,275.2283662,5.514746213,0.762121183,11.36662915
49.46969401,36.87395513,2.745005313,7.836352117,1,166.1299543,3.738307194,0.734220394,8.785536726
72.65939348,35.96362849,1.805302704,6.980360241,1,214.4123768,5.864705428,0.248686933,5.824502649
55.9975837,36.61962343,1.935811823,5.082648961,1,158.1988814,3.565636199,0.75784061,7.752215274
93.90093258,37.53704133,2.091752484,7.10601072,10,0,0.935292471,0.4363683,5.762953032
39.5362619,36.0403077,2.252240396,6.995419582,4.298346323,63.92708366,2.356888427,0.620146603,9.285710988
58.82156305,35.23485624,1.883770957,8.940457194,1,217.2389338,5.042185496,0.318756934,5.297419195
77.5442375,36.35699789,2.214713183,8.193725436,1,166.6655817,2.737865529,0.528395983,7.399742426
101.3104806,37.05047982,3.578118058,5.730946318,1,268.0989905,4.86544507,0.562744637,5.991324347
68.68499478,37.47917373,2.985449686,7.75838158,1,190.3274563,2.850677921,0.203079042,8.25364937
58.89600947,35.8852252,2.869154592,8.507296758,5.28674549,53.32981093,3.435292155,0.621653433,7.267316646
107.6231414,36.74834961,1.544460474,9.792047039,3.900165629,70.39358623,6.706330613,0.769187002,8.353524207
41.03972199,36.26734477,1.110759172,8.831255951,1,160.2917391,5.494961095,0.465070411,8.04470111
26.02388087,36.44702582,2.955300558,8.641269981,10,0,4.980671157,0.772033626,6.026681945
78.800289,37.82217167,2.876046793,7.590128992,1,317.3441886,6.757927946,0.462061301,9.253754127
59.95891551,35.74851484,3.472670676,8.082468008,1,194.1746736,5.961217187,0.669916906,7.902468696
49.57534366,36.62686983,1.396019374,9.374257351,1,272.7034597,7.893126583,0.056286007,6.022941984
84.16712895,36.73384659,1.770451345,5.500833904,9.957090426,0,4.080281475,0.983755556,12.48185311
74.87601428,37.04289316,0.360515837,6.975841009,1,274.456516,4.140730043,0.799091649,8.952860333
58.71842739,36.54899158,1.607528894,6.341146877,1,373.1498911,2.397781467,0.443074899,7.693478893
44.39391203,36.65402527,2.996570511,8.068729678,8.749918392,17.91216446,4.142038565,0.105582195,10.83040905
87.44914657,36.30417572,1.533504621,9.345333263,1,227.1401795,6.929539789,0.557605674,11.68363122
83.00402356,36.63456347,2.640479795,6.60453857,1,150.1109945,7.599974745,0.211214891,7.709301155
68.01648272,36.32840386,1.809496894,3.914543449,9.091007167,0,6.920610336,0.588970708,8.694794973
106.9327399,36.81078594,2.324057028,6.881668882,1,199.2883972,1.411616267,0.582313144,6.023994364
48.59830467,36.31519483,0.85230861,8.870210598,1,233.3603205,7.166290425,0.311719366,7.705614498
39.48949658,36.6885502,2.08520945,8.306444854,2.333905005,89.88734473,1.322962753,0.724193405,7.601874892
56.1618386,36.48536859,-0.991135971,8.142279372,1,266.591652,6.796234648,0.661114941,8.369654067
69.08827967,37.06302513,1.813103842,7.080010047,10,0,4.264430947,0.695164667,8.665520957
74.86678899,36.47430314,0.369526756,5.581453896,10,0.524385355,6.405066628,0.501771541,9.119656898
65.17527884,35.61348377,3.205994517,8.272941482,1,163.6597396,2.335103304,0.216895187,8.475285313
77.04110793,37.13096075,2.777407353,6.248577285,1,152.5385278,7.342335265,0.695574454,5.578514747
44.96921152,36.04713385,2.466670982,10.7761451,4.028269962,78.34265116,2.070050508,0.44592572,6.123065789
98.87529208,36.17311683,3.521006227,8.355760813,1,230.9594436,3.663090178,0.222043971,6.907184761
68.35697643,36.20216935,1.051083479,6.629027546,1,203.0894314,3.003810744,0.770407873,7.435518816
92.34591663,37.18721905,3.747363198,6.582922129,1,235.8139071,1.491430294,0.919881504,10.10154858
76.85450693,35.43216289,2.932191564,7.36058369,1,137.6863565,5.189055135,0.491750374,5.674122026
79.13506438,38.06887427,1.763444713,7.140747117,1,210.2580268,8.612178236,0.931824231,7.285169904
81.3953456,37.0280284,3.135620147,9.175250663,1,105.4349697,10,0.518262946,9.906018996
78.9541712,36.61161946,0.893706488,7.779624255,1,355.381869,5.194311574,0.423908819,7.400245051
82.8544552,36.472553,1.175485838,6.402552392,3.324853835,68.74542299,7.23336255,0.373908309,8.9208313
96.5830506,36.64277704,1.391410277,10.33566103,1,360.5297429,5.464189276,0.827416482,7.720915914
73.93042339,36.76056121,1.471022292,7.573962497,1,153.4887947,5.99776639,0.343971224,8.513566515
84.18007515,36.82260779,0.943442357,8.653259514,10,12.44891104,4.315702698,0.647053862,7.543054912
68.20528611,36.77780223,3.223083067,6.587660239,1,286.807935,5.390153851,0.388167233,9.334130945
98.80234431,36.54479034,1.7411456,8.044673442,1,162.5901388,6.074957409,0.407938647,4.909887185
56.47215396,36.40133079,2.352504968,7.966664987,1,235.1124098,3.843080542,0.706049939,7.273375983
106.0188087,36.42436336,1.429648634,4.665526062,1,272.3855919,4.8450114,0.423992631,8.593145353
69.19684099,36.40254586,0.179396699,10.52291267,1,183.7955554,4.883139762,0.419040924,9.067390496
41.38449796,37.06688505,2.270057358,9.435966691,1.42432798,90.77591552,6.652806635,0.726560939,10.98590525
72.5620883,36.79677836,0.087745025,6.904207026,1,247.5713378,2.867935657,0.819479459,7.217950666
56.37896685,35.02980568,1.931365954,5.846595389,1,150.0755507,4.896915583,0.628937961,10.95896352
86.81287098,36.82795039,0.631684961,8.021342421,1,218.5857819,8.824010938,0.369046045,6.681952347
56.94752041,36.5973681,3.987275999,7.630046549,9.130812754,0,7.328120305,0.3978783,10.65729282
61.07633134,36.49064562,2.911362722,8.033503423,1,194.6981717,7.698358098,0.515983053,9.634934253
32.20918538,36.30574077,2.105753791,7.787366094,1.877325442,86.14141749,5.04886368,0.564186012,6.173082841
60.95387362,37.06205636,3.263706678,8.259361484,1,315.3309637,5.641995127,0.302426818,8.614078475
21.52241347,36.97376323,1.153684023,9.670958549,1,212.3087348,7.004472333,0.644607588,7.897528329
38.32194353,36.11356117,2.543479379,8.352154808,1,173.9857746,8.120511059,0.517102666,9.251169187
85.20829312,36.70352614,2.199810434,5.925516752,1,198.6309993,1.096794174,0.156858336,7.553456823
85.71600317,36.01417163,2.264020081,9.543844279,6.584620943,50.15591471,2.369117386,0.314214704,7.385507549
78.50915124,35.81019092,3.2723535,9.960921845,1,312.3256691,7.618888203,0.399174265,10.73818917
50.66047714,36.18664139,2.732492103,12.2280851,1,349.1370418,4.446221288,0.485428462,7.802558211
69.04577288,36.93119674,2.288723663,5.81475895,1,189.2913511,3.656558421,0.877855759,9.652844648
69.92794922,36.97656252,0.345112564,7.86432302,1,309.0403569,2.491678026,0.547634261,7.54929703
46.83270622,36.75654271,1.039953705,4.376851945,1.040644588,93.08518013,3.889966597,0.331845622,11.33332652
100.067966,36.86254789,1.877291066,8.329723735,4.320291882,70.28864338,2.195261433,0.544126161,6.643330741
87.54724581,36.75808914,2.093372374,6.677699553,1,154.0924749,9.182188545,0.429582451,6.771712938
65.58071652,36.1792592,0.869796275,10.38516869,1,193.4941038,4.955127896,0.564951648,11.04903436
70.53771678,36.71596127,4.411676676,6.338077545,1,110.6013319,4.884098916,0.616113537,7.110107218
74.16765616,36.90020476,3.516394055,4.966225443,1,203.776819,6.17615335,0.741846129,11.20214861
29.16530263,36.87714566,2.60211832,6.793104389,1,180.6389482,6.924690339,0.495142701,9.783681159
65.05645235,37.09445669,2.072036861,4.536768343,4.01582851,50.16932247,6.891776313,0.827792106,7.690700587
56.36031504,36.85415192,1.78779103,8.626649182,1,201.8793017,7.147243888,0.681604533,4.373413056
49.9675998,36.6757241,1.04808154,4.402375431,1,236.3528243,3.738308898,0.358512091,7.961363391
64.37799414,37.03507512,2.077480519,7.542686372,1,167.1469318,4.40426639,0.941971133,8.203260107
105.9537305,36.48673937,2.25775254,4.38328227,1,265.2648103,6.538063311,0.565398903,10.33443547
82.81685723,36.05906267,0.758239425,7.019553293,8.445252286,28.25962065,3.945221877,0.332975099,11.17689435
58.5764202,36.41846652,2.334176417,9.965067234,1,196.7950422,4.989786736,0.83058261,6.630025642
81.45165563,36.12754868,1.844740951,8.040971837,7.075444875,32.97192936,5.797527529,0.915555517,9.602363528
